-- MySQL dump 10.13  Distrib 8.4.7, for Linux (x86_64)
--
-- Host: localhost    Database: default
-- ------------------------------------------------------
-- Server version	8.4.7

/*!40101 SET @OLD_CHARACTER_SET_CLIENT=@@CHARACTER_SET_CLIENT */;
/*!40101 SET @OLD_CHARACTER_SET_RESULTS=@@CHARACTER_SET_RESULTS */;
/*!40101 SET @OLD_COLLATION_CONNECTION=@@COLLATION_CONNECTION */;
/*!50503 SET NAMES utf8mb4 */;
/*!40103 SET @OLD_TIME_ZONE=@@TIME_ZONE */;
/*!40103 SET TIME_ZONE='+00:00' */;
/*!40014 SET @OLD_UNIQUE_CHECKS=@@UNIQUE_CHECKS, UNIQUE_CHECKS=0 */;
/*!40014 SET @OLD_FOREIGN_KEY_CHECKS=@@FOREIGN_KEY_CHECKS, FOREIGN_KEY_CHECKS=0 */;
/*!40101 SET @OLD_SQL_MODE=@@SQL_MODE, SQL_MODE='NO_AUTO_VALUE_ON_ZERO' */;
/*!40111 SET @OLD_SQL_NOTES=@@SQL_NOTES, SQL_NOTES=0 */;

--
-- Table structure for table `Order`
--

DROP TABLE IF EXISTS `Order`;
/*!40101 SET @saved_cs_client     = @@character_set_client */;
/*!50503 SET character_set_client = utf8mb4 */;
CREATE TABLE `Order` (
  `id` varchar(191) COLLATE utf8mb4_unicode_ci NOT NULL,
  `userId` varchar(191) COLLATE utf8mb4_unicode_ci DEFAULT NULL,
  `customerName` varchar(191) COLLATE utf8mb4_unicode_ci NOT NULL,
  `customerEmail` varchar(191) COLLATE utf8mb4_unicode_ci NOT NULL,
  `customerPhone` varchar(191) COLLATE utf8mb4_unicode_ci DEFAULT NULL,
  `shippingAddress` text COLLATE utf8mb4_unicode_ci NOT NULL,
  `notes` text COLLATE utf8mb4_unicode_ci,
  `total` double NOT NULL,
  `status` enum('PENDING','PROCESSING','SHIPPED','DELIVERED','CANCELLED') COLLATE utf8mb4_unicode_ci NOT NULL DEFAULT 'PENDING',
  `createdAt` datetime(3) NOT NULL DEFAULT CURRENT_TIMESTAMP(3),
  `updatedAt` datetime(3) NOT NULL,
  PRIMARY KEY (`id`)
) ENGINE=InnoDB DEFAULT CHARSET=utf8mb4 COLLATE=utf8mb4_unicode_ci;
/*!40101 SET character_set_client = @saved_cs_client */;

--
-- Dumping data for table `Order`
--

LOCK TABLES `Order` WRITE;
/*!40000 ALTER TABLE `Order` DISABLE KEYS */;
INSERT INTO `Order` VALUES ('cmhfzf7xg0000qp01qz15pt35','YXRpZmphbjIwMTlA','Atif Jan','atifjan2019@gmail.com','+923448959905','PO BOX Prang Hassan Khel Charsadda, Charsadda, 24420, Pakistan',NULL,1,'CANCELLED','2025-11-01 07:49:59.140','2025-11-08 08:45:05.954'),('cmiis3q9p000opm01ks2wp7m6',NULL,'Noman fiaz','sidhumoosewaladarkonly@gmail.com','+923704876739','Vihari, Vihari , 61100, Pakistan','Original ho wool Ki \n\nPayment Method: Cash on Delivery\n\nDelivery: Normal (Rs 250)',7500,'CANCELLED','2025-11-28 11:28:06.588','2025-12-06 13:57:13.930');
/*!40000 ALTER TABLE `Order` ENABLE KEYS */;
UNLOCK TABLES;

--
-- Table structure for table `Tag`
--

DROP TABLE IF EXISTS `Tag`;
/*!40101 SET @saved_cs_client     = @@character_set_client */;
/*!50503 SET character_set_client = utf8mb4 */;
CREATE TABLE `Tag` (
  `id` varchar(191) COLLATE utf8mb4_unicode_ci NOT NULL,
  `name` varchar(191) COLLATE utf8mb4_unicode_ci NOT NULL,
  PRIMARY KEY (`id`),
  UNIQUE KEY `Tag_name_key` (`name`)
) ENGINE=InnoDB DEFAULT CHARSET=utf8mb4 COLLATE=utf8mb4_unicode_ci;
/*!40101 SET character_set_client = @saved_cs_client */;

--
-- Dumping data for table `Tag`
--

LOCK TABLES `Tag` WRITE;
/*!40000 ALTER TABLE `Tag` DISABLE KEYS */;
INSERT INTO `Tag` VALUES ('cmifozv2f000lpm01a53nymq7','7 Flowers Ladies Winter Shawl'),('cmhkd2yo90000n0018mvxc3ki','Angora Wool Muffler'),('cmie9g35i0005pm01o0rg3e3a','Black Classic Khaddar'),('cmie9zhk2000gpm01sp56owx3','Camel Color Classic Khaddar'),('cmie9vdgy000dpm01i983zo91','Chocolate Color Classic Khaddar'),('cmie959gm0001pm01uf3fnrk5','Classic Khaddar'),('cmiefplsf001jpm01srd3u15l','Customized Men Shawl'),('cmie9qc2p0009pm01e9vuwp76','Dark Blue Classic Khaddar'),('cmhkdia960004n001dz4d4qrk','Double Pure Wool Muffler'),('cmhfvmshd000as10ka2io4sc0','Featured'),('cmiecx5bh000ypm01y54qyjdm','Gray Classic Khaddar'),('cmiedk0u6001apm01r4cqg5aj','Green Classic Khaddar'),('cmhken30l000kn001yibg6iie','Handmade 3 Frame Borders'),('cmhkf685l000tn001y360y76t','Handmade Frame Border'),('cmhkdqsdf0008n001urvdeq58','Handmade Pure Wool Shawl (100% Wool) | Salam Pora Made Classic Solid Colors'),('cmied2e3p0012pm01nj7rzsvz','Light Brown Classic Khaddar'),('cmied8dbt0016pm01aaawcm4i','Light Camel Classic Khaddar'),('cmifooep6000hpm010m74rg12','Luxury Black Embroidered Pashmina Shawl'),('cmhkevwv9000pn001y27lkot9','Luxury Pure Lamb’s Wool (48/2) Handmade Double-Weight Shawl | White & Skin Colors'),('cmifnwaud0009pm01n5leii88','Men Black Shawl'),('cmifngj940001pm014kwblgd8','Men Blue Shawl'),('cmifoeldd000dpm01ne202yjv','Pashmina Jalalpuri Men Shawl'),('cmhken30m000ln00132ppzsfn','Pure Australian Wool Men Shawl'),('cmhkdzs99000cn001pjh0d17d','Pure Wool Shawl Maroon'),('cmieduhx9001epm0195me643j','White Classic Khaddar'),('cmifnlp4f0005pm01u3l25wud','Winter Customized Men Shawl');
/*!40000 ALTER TABLE `Tag` ENABLE KEYS */;
UNLOCK TABLES;

--
-- Table structure for table `_ProductTags`
--

DROP TABLE IF EXISTS `_ProductTags`;
/*!40101 SET @saved_cs_client     = @@character_set_client */;
/*!50503 SET character_set_client = utf8mb4 */;
CREATE TABLE `_ProductTags` (
  `A` varchar(191) COLLATE utf8mb4_unicode_ci NOT NULL,
  `B` varchar(191) COLLATE utf8mb4_unicode_ci NOT NULL,
  UNIQUE KEY `_ProductTags_AB_unique` (`A`,`B`),
  KEY `_ProductTags_B_index` (`B`),
  CONSTRAINT `_ProductTags_A_fkey` FOREIGN KEY (`A`) REFERENCES `products` (`id`) ON DELETE CASCADE ON UPDATE CASCADE,
  CONSTRAINT `_ProductTags_B_fkey` FOREIGN KEY (`B`) REFERENCES `Tag` (`id`) ON DELETE CASCADE ON UPDATE CASCADE
) ENGINE=InnoDB DEFAULT CHARSET=utf8mb4 COLLATE=utf8mb4_unicode_ci;
/*!40101 SET character_set_client = @saved_cs_client */;

--
-- Dumping data for table `_ProductTags`
--

LOCK TABLES `_ProductTags` WRITE;
/*!40000 ALTER TABLE `_ProductTags` DISABLE KEYS */;
INSERT INTO `_ProductTags` VALUES ('cmhken30z000nn001ecm20kgi','cmhken30l000kn001yibg6iie'),('cmhken30z000nn001ecm20kgi','cmhken30m000ln00132ppzsfn'),('cmie959gw0003pm01y7coqjw9','cmie959gm0001pm01uf3fnrk5'),('cmie9g35o0007pm01h6j0urvm','cmie9g35i0005pm01o0rg3e3a'),('cmie9qc2w000bpm014or7s5bb','cmie9qc2p0009pm01e9vuwp76'),('cmie9vdh5000fpm01jnxkzbqr','cmie9vdgy000dpm01i983zo91'),('cmiea8h8i000qpm01bpd1hc6h','cmie9zhk2000gpm01sp56owx3'),('cmiecx5bz0010pm01fnbiivqv','cmiecx5bh000ypm01y54qyjdm'),('cmied2e3t0014pm01gixv4mm7','cmied2e3p0012pm01nj7rzsvz'),('cmied8dbx0018pm01xc15fhlk','cmied8dbt0016pm01aaawcm4i'),('cmiedk0ub001cpm012yi7bs0w','cmiedk0u6001apm01r4cqg5aj'),('cmieduhxf001gpm01hra4975n','cmieduhx9001epm0195me643j'),('cmifngj9d0003pm01ml4n31t3','cmifngj940001pm014kwblgd8'),('cmifnlp4p0007pm01upxi1dm4','cmifnlp4f0005pm01u3l25wud'),('cmifnwauk000bpm013p7arl61','cmifnwaud0009pm01n5leii88'),('cmifoele7000fpm01ld23u0no','cmifoeldd000dpm01ne202yjv'),('cmifooep9000jpm01na98v7kb','cmifooep6000hpm010m74rg12'),('cmifozv2l000npm01u6vmq29w','cmifozv2f000lpm01a53nymq7');
/*!40000 ALTER TABLE `_ProductTags` ENABLE KEYS */;
UNLOCK TABLES;

--
-- Table structure for table `_RelatedProducts`
--

DROP TABLE IF EXISTS `_RelatedProducts`;
/*!40101 SET @saved_cs_client     = @@character_set_client */;
/*!50503 SET character_set_client = utf8mb4 */;
CREATE TABLE `_RelatedProducts` (
  `A` varchar(191) COLLATE utf8mb4_unicode_ci NOT NULL,
  `B` varchar(191) COLLATE utf8mb4_unicode_ci NOT NULL,
  UNIQUE KEY `_RelatedProducts_AB_unique` (`A`,`B`),
  KEY `_RelatedProducts_B_index` (`B`),
  CONSTRAINT `_RelatedProducts_A_fkey` FOREIGN KEY (`A`) REFERENCES `products` (`id`) ON DELETE CASCADE ON UPDATE CASCADE,
  CONSTRAINT `_RelatedProducts_B_fkey` FOREIGN KEY (`B`) REFERENCES `products` (`id`) ON DELETE CASCADE ON UPDATE CASCADE
) ENGINE=InnoDB DEFAULT CHARSET=utf8mb4 COLLATE=utf8mb4_unicode_ci;
/*!40101 SET character_set_client = @saved_cs_client */;

--
-- Dumping data for table `_RelatedProducts`
--

LOCK TABLES `_RelatedProducts` WRITE;
/*!40000 ALTER TABLE `_RelatedProducts` DISABLE KEYS */;
/*!40000 ALTER TABLE `_RelatedProducts` ENABLE KEYS */;
UNLOCK TABLES;

--
-- Table structure for table `_prisma_migrations`
--

DROP TABLE IF EXISTS `_prisma_migrations`;
/*!40101 SET @saved_cs_client     = @@character_set_client */;
/*!50503 SET character_set_client = utf8mb4 */;
CREATE TABLE `_prisma_migrations` (
  `id` varchar(36) COLLATE utf8mb4_unicode_ci NOT NULL,
  `checksum` varchar(64) COLLATE utf8mb4_unicode_ci NOT NULL,
  `finished_at` datetime(3) DEFAULT NULL,
  `migration_name` varchar(255) COLLATE utf8mb4_unicode_ci NOT NULL,
  `logs` text COLLATE utf8mb4_unicode_ci,
  `rolled_back_at` datetime(3) DEFAULT NULL,
  `started_at` datetime(3) NOT NULL DEFAULT CURRENT_TIMESTAMP(3),
  `applied_steps_count` int unsigned NOT NULL DEFAULT '0',
  PRIMARY KEY (`id`)
) ENGINE=InnoDB DEFAULT CHARSET=utf8mb4 COLLATE=utf8mb4_unicode_ci;
/*!40101 SET character_set_client = @saved_cs_client */;

--
-- Dumping data for table `_prisma_migrations`
--

LOCK TABLES `_prisma_migrations` WRITE;
/*!40000 ALTER TABLE `_prisma_migrations` DISABLE KEYS */;
INSERT INTO `_prisma_migrations` VALUES ('0495748e-c0e4-49c5-813d-f7ba3b8ed7a7','e37757be21e57ea7cf22a89fb9117cc8469adb25aaedef8ce04beb06a0bc899c','2025-10-31 21:01:12.255','20251030200958_add_newsletter_model',NULL,NULL,'2025-10-31 21:01:12.237',1),('55d0059e-a156-4a05-b0fb-5bf46be2a999','122d743a0403e77ad7e0ed9447f5b8826f2fbdbc55612d936eff004dd13c2eec','2025-10-31 21:01:12.308','20251031091047_add_category_content_fields',NULL,NULL,'2025-10-31 21:01:12.301',1),('7fd964ec-eb16-4535-a0f7-2d14ee814971','0d51e987632a8df29d70c2257e6199ab8fdfe161c0efc814cca0443ea084873d','2025-10-31 21:01:12.236','20251030115511_remove_featured_from_product',NULL,NULL,'2025-10-31 21:01:12.193',1),('87631e69-5154-4ba9-bdcf-45a5952cc1a8','4301dcfa1bf01a5b80e13f150b3b7132fb2975da3ad8e571b7bbc9396a221633','2025-10-31 21:01:12.191','20251030115123_a',NULL,NULL,'2025-10-31 21:01:11.479',1),('a8cefded-988b-492d-ae30-a414d61298ce','cf86087170eac793ca5277d8414963a6e303a60d712dd640dd0b0041e60ebc53','2025-10-31 21:01:12.299','20251031091015_add_category_content_fields',NULL,NULL,'2025-10-31 21:01:12.269',1),('c600a849-dd5a-4841-920b-d14bfc7b8753','d43d0a6cf8f9b333e3200e162a2e0948e9cc67c390268a5536a2de67b8a7e666','2025-10-31 21:01:12.268','20251030203015_remove_newsletter',NULL,NULL,'2025-10-31 21:01:12.256',1);
/*!40000 ALTER TABLE `_prisma_migrations` ENABLE KEYS */;
UNLOCK TABLES;

--
-- Table structure for table `blog_post`
--

DROP TABLE IF EXISTS `blog_post`;
/*!40101 SET @saved_cs_client     = @@character_set_client */;
/*!50503 SET character_set_client = utf8mb4 */;
CREATE TABLE `blog_post` (
  `id` varchar(191) COLLATE utf8mb4_unicode_ci NOT NULL,
  `title` varchar(191) COLLATE utf8mb4_unicode_ci NOT NULL,
  `slug` varchar(191) COLLATE utf8mb4_unicode_ci NOT NULL,
  `excerpt` varchar(191) COLLATE utf8mb4_unicode_ci DEFAULT NULL,
  `content` text COLLATE utf8mb4_unicode_ci NOT NULL,
  `published` tinyint(1) NOT NULL DEFAULT '0',
  `authorId` varchar(191) COLLATE utf8mb4_unicode_ci DEFAULT NULL,
  `createdAt` datetime(3) NOT NULL DEFAULT CURRENT_TIMESTAMP(3),
  `updatedAt` datetime(3) NOT NULL,
  `image` varchar(191) COLLATE utf8mb4_unicode_ci DEFAULT NULL,
  PRIMARY KEY (`id`),
  UNIQUE KEY `blog_post_slug_key` (`slug`),
  KEY `blog_post_authorId_fkey` (`authorId`),
  CONSTRAINT `blog_post_authorId_fkey` FOREIGN KEY (`authorId`) REFERENCES `users` (`id`) ON DELETE SET NULL ON UPDATE CASCADE
) ENGINE=InnoDB DEFAULT CHARSET=utf8mb4 COLLATE=utf8mb4_unicode_ci;
/*!40101 SET character_set_client = @saved_cs_client */;

--
-- Dumping data for table `blog_post`
--

LOCK TABLES `blog_post` WRITE;
/*!40000 ALTER TABLE `blog_post` DISABLE KEYS */;
/*!40000 ALTER TABLE `blog_post` ENABLE KEYS */;
UNLOCK TABLES;

--
-- Table structure for table `categories`
--

DROP TABLE IF EXISTS `categories`;
/*!40101 SET @saved_cs_client     = @@character_set_client */;
/*!50503 SET character_set_client = utf8mb4 */;
CREATE TABLE `categories` (
  `id` varchar(191) COLLATE utf8mb4_unicode_ci NOT NULL,
  `name` varchar(191) COLLATE utf8mb4_unicode_ci NOT NULL,
  `slug` varchar(191) COLLATE utf8mb4_unicode_ci NOT NULL,
  `summary` varchar(191) COLLATE utf8mb4_unicode_ci DEFAULT NULL,
  `featuredImageUrl` varchar(191) COLLATE utf8mb4_unicode_ci DEFAULT NULL,
  `featuredImageAlt` varchar(191) COLLATE utf8mb4_unicode_ci DEFAULT NULL,
  `createdAt` datetime(3) NOT NULL DEFAULT CURRENT_TIMESTAMP(3),
  `updatedAt` datetime(3) NOT NULL,
  `intro` longtext COLLATE utf8mb4_unicode_ci,
  `sections` longtext COLLATE utf8mb4_unicode_ci,
  `seoDescription` text COLLATE utf8mb4_unicode_ci,
  `seoTitle` varchar(191) COLLATE utf8mb4_unicode_ci DEFAULT NULL,
  `uiConfig` text COLLATE utf8mb4_unicode_ci,
  PRIMARY KEY (`id`),
  UNIQUE KEY `categories_name_key` (`name`),
  UNIQUE KEY `categories_slug_key` (`slug`)
) ENGINE=InnoDB DEFAULT CHARSET=utf8mb4 COLLATE=utf8mb4_unicode_ci;
/*!40101 SET character_set_client = @saved_cs_client */;

--
-- Dumping data for table `categories`
--

LOCK TABLES `categories` WRITE;
/*!40000 ALTER TABLE `categories` DISABLE KEYS */;
INSERT INTO `categories` VALUES ('cmhfvlpem0008s10kjml5l9m2','Men Shawls','men-shawls',NULL,'/uploads/87acbc6d-9b6a-4afe-b596-a67c371d2731-1.avif',NULL,'2025-11-01 06:03:03.262','2025-11-03 09:15:51.866',NULL,'[{\"title\":\"MEN SHAWLS\",\"description\":\"Rooted in the heritage of Pashtun tradition, the Men’s Shawl by KhyberWear represents a blend of cultural pride and timeless sophistication. Each shawl is handwoven from premium Charsadda khaddar, using age-old looms that preserve the authentic craft of Swat and Charsadda artisans. The fabric’s refined texture and natural warmth make it ideal for both winter comfort and ceremonial elegance.\\r\\nDesigned with a bold border weave and balanced drape, this traditional lohi complements both modern tailoring and ethnic attire. Whether you’re attending a formal gathering or embracing everyday sophistication, KhyberWear’s Men Shawl embodies confidence, heritage, and enduring class — an heirloom of craftsmanship that transcends trends.\",\"image\":{\"url\":\"/uploads/2-scaled.jpg\",\"alt\":\"\"}},{\"title\":\"Discover the Latest in Men Shawls\",\"description\":\"Experience refined elegance with KhyberWear’s Maroon Men’s Shawl, a modern expression of Pashtun craftsmanship woven in premium Charsadda khaddar. Its rich maroon hue and hand-finished borders reflect the perfect harmony between heritage design and contemporary style. The shawl’s soft texture, natural drape, and breathable weave make it versatile — equally suited for formal events, winter wear, or cultural celebrations.\\r\\nEvery fold tells a story of confidence, culture, and enduring grace, carrying forward the legacy of handmade khaddar weaving from Pakistan’s heartland. A true statement of refined taste, it allows today’s gentleman to celebrate tradition with sophistication — effortlessly blending heritage with modern sensibility.\",\"image\":{\"url\":\"/uploads/2-scaled.jpg\",\"alt\":\"\"}},{\"title\":\"Why Choose KhyberWear?\",\"description\":\"Why Choose KhyberWear?\\r\\nAt KhyberWear, tradition isn’t just a fashion statement — it’s a living legacy. Our artisans from Charsadda and Swat uphold generations of Pashtun weaving heritage, crafting products that unite authenticity and modern refinement. From premium shawls to classic pakols and handcrafted Peshawari footwear, every piece is made with integrity and cultural respect.\\r\\nWe use only locally sourced khaddar and natural wool, ensuring comfort, durability, and sustainable craftsmanship. Whether you’re dressing for heritage occasions or urban sophistication, KhyberWear helps you embody confidence, culture, and class — in every layer, weave, and stitch.\",\"image\":{\"url\":\"/uploads/2-scaled.jpg\",\"alt\":\"\"}}]',NULL,NULL,NULL),('cmhfxb8bl0000o6012lyzmbvp','Kids Shawls','kids-shawls',NULL,'/uploads/ADI00721.webp',NULL,'2025-11-01 06:50:53.793','2025-11-01 17:38:24.895',NULL,NULL,NULL,NULL,NULL),('cmhgjsomn0000ph0197m3g3ux','Women Shawls','women-shals',NULL,'/uploads/11.jpg',NULL,'2025-11-01 17:20:19.631','2025-12-04 08:02:18.796',NULL,NULL,NULL,NULL,NULL),('cmieixoc9001npm01nin5jz4x','Charsadda Khaddar','charsaddakhaddar',NULL,'/uploads/3.jpg','CharsaddaKhaddar','2025-11-25 12:00:22.903','2025-11-28 18:18:24.381',NULL,NULL,NULL,NULL,NULL);
/*!40000 ALTER TABLE `categories` ENABLE KEYS */;
UNLOCK TABLES;

--
-- Table structure for table `contact_entries`
--

DROP TABLE IF EXISTS `contact_entries`;
/*!40101 SET @saved_cs_client     = @@character_set_client */;
/*!50503 SET character_set_client = utf8mb4 */;
CREATE TABLE `contact_entries` (
  `id` varchar(191) COLLATE utf8mb4_unicode_ci NOT NULL,
  `name` varchar(191) COLLATE utf8mb4_unicode_ci NOT NULL,
  `email` varchar(191) COLLATE utf8mb4_unicode_ci NOT NULL,
  `message` text COLLATE utf8mb4_unicode_ci NOT NULL,
  `userId` varchar(191) COLLATE utf8mb4_unicode_ci DEFAULT NULL,
  `createdAt` datetime(3) NOT NULL DEFAULT CURRENT_TIMESTAMP(3),
  PRIMARY KEY (`id`),
  KEY `contact_entries_userId_fkey` (`userId`),
  CONSTRAINT `contact_entries_userId_fkey` FOREIGN KEY (`userId`) REFERENCES `users` (`id`) ON DELETE SET NULL ON UPDATE CASCADE
) ENGINE=InnoDB DEFAULT CHARSET=utf8mb4 COLLATE=utf8mb4_unicode_ci;
/*!40101 SET character_set_client = @saved_cs_client */;

--
-- Dumping data for table `contact_entries`
--

LOCK TABLES `contact_entries` WRITE;
/*!40000 ALTER TABLE `contact_entries` DISABLE KEYS */;
INSERT INTO `contact_entries` VALUES ('cmhzytyv40000n001b0gaa9ko','Atif Jan','atifjan2019@gmail.com','asdasdasdas',NULL,'2025-11-15 07:28:51.018');
/*!40000 ALTER TABLE `contact_entries` ENABLE KEYS */;
UNLOCK TABLES;

--
-- Table structure for table `customers`
--

DROP TABLE IF EXISTS `customers`;
/*!40101 SET @saved_cs_client     = @@character_set_client */;
/*!50503 SET character_set_client = utf8mb4 */;
CREATE TABLE `customers` (
  `id` varchar(191) COLLATE utf8mb4_unicode_ci NOT NULL,
  `name` varchar(191) COLLATE utf8mb4_unicode_ci NOT NULL,
  `email` varchar(191) COLLATE utf8mb4_unicode_ci NOT NULL,
  `phone` varchar(191) COLLATE utf8mb4_unicode_ci DEFAULT NULL,
  `address` text COLLATE utf8mb4_unicode_ci,
  `createdAt` datetime(3) NOT NULL DEFAULT CURRENT_TIMESTAMP(3),
  `updatedAt` datetime(3) NOT NULL,
  PRIMARY KEY (`id`),
  UNIQUE KEY `customers_email_key` (`email`)
) ENGINE=InnoDB DEFAULT CHARSET=utf8mb4 COLLATE=utf8mb4_unicode_ci;
/*!40101 SET character_set_client = @saved_cs_client */;

--
-- Dumping data for table `customers`
--

LOCK TABLES `customers` WRITE;
/*!40000 ALTER TABLE `customers` DISABLE KEYS */;
/*!40000 ALTER TABLE `customers` ENABLE KEYS */;
UNLOCK TABLES;

--
-- Table structure for table `hero_media`
--

DROP TABLE IF EXISTS `hero_media`;
/*!40101 SET @saved_cs_client     = @@character_set_client */;
/*!50503 SET character_set_client = utf8mb4 */;
CREATE TABLE `hero_media` (
  `id` varchar(191) COLLATE utf8mb4_unicode_ci NOT NULL,
  `key` varchar(191) COLLATE utf8mb4_unicode_ci NOT NULL,
  `title` varchar(191) COLLATE utf8mb4_unicode_ci DEFAULT NULL,
  `subtitle` varchar(191) COLLATE utf8mb4_unicode_ci DEFAULT NULL,
  `description` varchar(191) COLLATE utf8mb4_unicode_ci DEFAULT NULL,
  `ctaLabel` varchar(191) COLLATE utf8mb4_unicode_ci DEFAULT NULL,
  `ctaHref` varchar(191) COLLATE utf8mb4_unicode_ci DEFAULT NULL,
  `backgroundImageId` varchar(191) COLLATE utf8mb4_unicode_ci DEFAULT NULL,
  `createdAt` datetime(3) NOT NULL DEFAULT CURRENT_TIMESTAMP(3),
  `updatedAt` datetime(3) NOT NULL,
  PRIMARY KEY (`id`),
  UNIQUE KEY `hero_media_key_key` (`key`),
  KEY `hero_media_backgroundImageId_fkey` (`backgroundImageId`),
  CONSTRAINT `hero_media_backgroundImageId_fkey` FOREIGN KEY (`backgroundImageId`) REFERENCES `media` (`id`) ON DELETE SET NULL ON UPDATE CASCADE
) ENGINE=InnoDB DEFAULT CHARSET=utf8mb4 COLLATE=utf8mb4_unicode_ci;
/*!40101 SET character_set_client = @saved_cs_client */;

--
-- Dumping data for table `hero_media`
--

LOCK TABLES `hero_media` WRITE;
/*!40000 ALTER TABLE `hero_media` DISABLE KEYS */;
INSERT INTO `hero_media` VALUES ('cmhfvi75c0004s10kg5olh6m6','home','',NULL,NULL,NULL,NULL,'cmhfx8aiv0000pl01f10v1891','2025-11-01 06:00:19.632','2025-11-01 06:48:36.783'),('cmhfvibdg0007s10kw26py27g','editorial','',NULL,NULL,NULL,NULL,'cmhfx8b0v0003pl01xvrqywju','2025-11-01 06:00:25.108','2025-11-01 06:48:37.333');
/*!40000 ALTER TABLE `hero_media` ENABLE KEYS */;
UNLOCK TABLES;

--
-- Table structure for table `media`
--

DROP TABLE IF EXISTS `media`;
/*!40101 SET @saved_cs_client     = @@character_set_client */;
/*!50503 SET character_set_client = utf8mb4 */;
CREATE TABLE `media` (
  `id` varchar(191) COLLATE utf8mb4_unicode_ci NOT NULL,
  `url` varchar(191) COLLATE utf8mb4_unicode_ci NOT NULL,
  `alt` varchar(191) COLLATE utf8mb4_unicode_ci DEFAULT NULL,
  `createdAt` datetime(3) NOT NULL DEFAULT CURRENT_TIMESTAMP(3),
  `updatedAt` datetime(3) NOT NULL,
  PRIMARY KEY (`id`)
) ENGINE=InnoDB DEFAULT CHARSET=utf8mb4 COLLATE=utf8mb4_unicode_ci;
/*!40101 SET character_set_client = @saved_cs_client */;

--
-- Dumping data for table `media`
--

LOCK TABLES `media` WRITE;
/*!40000 ALTER TABLE `media` DISABLE KEYS */;
INSERT INTO `media` VALUES ('cmhfwqxtg0002r10179es9r2a','/uploads/1761978907048-074twf-bannersec.jpg','bannersec.jpg','2025-11-01 06:35:07.058','2025-11-01 06:35:07.058'),('cmhfwqxtz0003r101pq8tmqc0','/uploads/1761978907078-7ofmj-banner.jpg','banner.jpg','2025-11-01 06:35:07.080','2025-11-01 06:35:07.080'),('cmhfwseaa0005r1010lh78887','/uploads/1761978975057-13.jpg','','2025-11-01 06:36:15.059','2025-11-01 06:36:15.059'),('cmhfx8aiv0000pl01f10v1891','https://khybershawls.store/uploads/1761978907078-7ofmj-banner.jpg',NULL,'2025-11-01 06:48:36.680','2025-11-01 06:48:36.680'),('cmhfx8b0v0003pl01xvrqywju','https://khybershawls.store/uploads/1761978907048-074twf-bannersec.jpg',NULL,'2025-11-01 06:48:37.327','2025-11-01 06:48:37.327'),('cmhg3i0ud0002s601it0hjfl0','/uploads/1761990248387-1.avif','','2025-11-01 09:44:08.389','2025-11-01 09:44:08.389'),('cmhg3q2oq0007s601g8b1xp9f','/uploads/1761990624023-IMG_9923-(1).jpg','','2025-11-01 09:50:24.026','2025-11-01 09:50:24.026'),('cmhgj1x5a0000nz01mvu6ka7y','/uploads/1762016370955-1.avif','','2025-11-01 16:59:30.958','2025-11-01 16:59:30.958'),('cmhgj3kdf0003nz01c689c73l','/uploads/1762016447714-1.avif','','2025-11-01 17:00:47.716','2025-11-01 17:00:47.716'),('cmhgj8qk70004nz01jc4uwzwm','/uploads/1762016689002-1.webp','','2025-11-01 17:04:49.014','2025-11-01 17:04:49.014'),('cmhix1byz0000rv0105a0v64e','/uploads/1762160790489-s3qd3-Icon-Khyber-Shawl-(1).png','Icon-Khyber-Shawl (1).png','2025-11-03 09:06:30.491','2025-11-03 09:06:30.491'),('cmhkdia8v0003n001lrgntlce','/uploads/1762248921434-imgi_4_retouch_2025102112590161.avif','','2025-11-04 09:35:21.438','2025-11-04 09:35:21.438'),('cmhkdqscy0007n001wme5gfba','/uploads/1762249318159-imgi_2_WhatsApp-Image-2025-10-02-at-13.40.26-600x516.jpg','','2025-11-04 09:41:58.162','2025-11-04 09:41:58.162'),('cmhkdzs8v000bn0014u0hs632','/uploads/1762249737917-imgi_4_1.webp','','2025-11-04 09:48:57.919','2025-11-04 09:48:57.919'),('cmhkec8da000fn001h2j2y4dt','/uploads/1762250318683-imgi_51_1-1024x683.webp','','2025-11-04 09:58:38.686','2025-11-04 09:58:38.686'),('cmhken30b000jn001g8q17icx','/uploads/1762250824954-imgi_2_l-b-600x599.webp','','2025-11-04 10:07:04.955','2025-11-04 10:07:04.955'),('cmhkevwuw000on001p5g1w55r','/uploads/1762251236884-imgi_3_Pure-Lamb-482.jpg','','2025-11-04 10:13:56.887','2025-11-04 10:13:56.887'),('cmhkf685e000sn001ke05j8ep','/uploads/1762251718081-imgi_4_IMG-20251013-WA0003_copy.webp','','2025-11-04 10:21:58.082','2025-11-04 10:21:58.082'),('cmie959fj0000pm01ajuqbz46','/uploads/1764055580668-badam_color_2.webp','','2025-11-25 07:26:20.670','2025-11-25 07:26:20.670'),('cmie9g3580004pm014s371vdb','/uploads/1764056085736-Black3.webp','','2025-11-25 07:34:45.739','2025-11-25 07:34:45.739'),('cmie9qc2h0008pm017l8ksf99','/uploads/1764056563864-Bluekhaddar_1.webp','','2025-11-25 07:42:43.866','2025-11-25 07:42:43.866'),('cmie9vdgm000cpm01lcc8odvq','/uploads/1764056798944-chocolate-(1).jpg','','2025-11-25 07:46:38.949','2025-11-25 07:46:38.949'),('cmiea8h82000npm01lud5lq07','/uploads/1764057410351-camel2_0ee46b9e-a0ee-4743-b578-debdda6d4c7e-(1).webp','','2025-11-25 07:56:50.354','2025-11-25 07:56:50.354'),('cmiecx5at000xpm01l7gfczr1','/uploads/1764061920523-Grey2.webp','','2025-11-25 09:12:00.532','2025-11-25 09:12:00.532'),('cmied2e3i0011pm01rs161dqr','/uploads/1764062165212-brown2.webp','','2025-11-25 09:16:05.214','2025-11-25 09:16:05.214'),('cmied8dbm0015pm01oh7u8f7a','/uploads/1764062444145-469740497_935034225229832_4446554819621418018_n.webp','','2025-11-25 09:20:44.146','2025-11-25 09:20:44.146'),('cmiedk0ty0019pm01emjlxes0','/uploads/1764062987828-469981986_870300805178137_5149185440474464189_n.webp','','2025-11-25 09:29:47.829','2025-11-25 09:29:47.829'),('cmieduhx1001dpm01dai2t27i','/uploads/1764063476529-white2.webp','','2025-11-25 09:37:56.532','2025-11-25 09:37:56.532'),('cmiefpls8001ipm01r792udmp','/uploads/1764066607493-images.webp','','2025-11-25 10:30:07.496','2025-11-25 10:30:07.496'),('cmifngj8b0000pm01usqzn17g','/uploads/1764140087383-7f6e356e-7ec0-4d56-8037-62d4c05b1891.webp','','2025-11-26 06:54:47.386','2025-11-26 06:54:47.386'),('cmifnlp2p0004pm014krrrkz3','/uploads/1764140328224-images.webp','','2025-11-26 06:58:48.233','2025-11-26 06:58:48.233'),('cmifnwaty0008pm01fiyou0ks','/uploads/1764140822992-f3dbcd5b-89dd-4fc2-8bd1-be2539483d3e.webp','','2025-11-26 07:07:02.995','2025-11-26 07:07:02.995'),('cmifoelc3000cpm0141ag88h2','/uploads/1764141676414-IMG_0247-1-scaled.jpg','','2025-11-26 07:21:16.419','2025-11-26 07:21:16.419'),('cmifooeov000gpm01g40b031y','/uploads/1764142134364-lady-shawl-pashmina.jpg','','2025-11-26 07:28:54.366','2025-11-26 07:28:54.366'),('cmifozv24000kpm01elmdql6f','/uploads/1764142668792-e-1-scaled.webp','','2025-11-26 07:37:48.795','2025-11-26 07:37:48.795'),('cmij69p110000pm01a053yooz','/uploads/1764353079536-4.jpg','','2025-11-28 18:04:39.540','2025-11-28 18:04:39.540');
/*!40000 ALTER TABLE `media` ENABLE KEYS */;
UNLOCK TABLES;

--
-- Table structure for table `order_items`
--

DROP TABLE IF EXISTS `order_items`;
/*!40101 SET @saved_cs_client     = @@character_set_client */;
/*!50503 SET character_set_client = utf8mb4 */;
CREATE TABLE `order_items` (
  `id` varchar(191) COLLATE utf8mb4_unicode_ci NOT NULL,
  `orderId` varchar(191) COLLATE utf8mb4_unicode_ci NOT NULL,
  `productId` varchar(191) COLLATE utf8mb4_unicode_ci NOT NULL,
  `quantity` int NOT NULL DEFAULT '1',
  `price` double NOT NULL,
  `createdAt` datetime(3) NOT NULL DEFAULT CURRENT_TIMESTAMP(3),
  `updatedAt` datetime(3) NOT NULL,
  PRIMARY KEY (`id`),
  KEY `order_items_orderId_fkey` (`orderId`),
  KEY `order_items_productId_fkey` (`productId`),
  CONSTRAINT `order_items_orderId_fkey` FOREIGN KEY (`orderId`) REFERENCES `Order` (`id`) ON DELETE CASCADE ON UPDATE CASCADE,
  CONSTRAINT `order_items_productId_fkey` FOREIGN KEY (`productId`) REFERENCES `products` (`id`) ON DELETE CASCADE ON UPDATE CASCADE
) ENGINE=InnoDB DEFAULT CHARSET=utf8mb4 COLLATE=utf8mb4_unicode_ci;
/*!40101 SET character_set_client = @saved_cs_client */;

--
-- Dumping data for table `order_items`
--

LOCK TABLES `order_items` WRITE;
/*!40000 ALTER TABLE `order_items` DISABLE KEYS */;
INSERT INTO `order_items` VALUES ('cmiis3q9p000qpm01oi43ewff','cmiis3q9p000opm01ks2wp7m6','cmifngj9d0003pm01ml4n31t3',1,7500,'2025-11-28 11:28:06.588','2025-11-28 11:28:06.588');
/*!40000 ALTER TABLE `order_items` ENABLE KEYS */;
UNLOCK TABLES;

--
-- Table structure for table `product_images`
--

DROP TABLE IF EXISTS `product_images`;
/*!40101 SET @saved_cs_client     = @@character_set_client */;
/*!50503 SET character_set_client = utf8mb4 */;
CREATE TABLE `product_images` (
  `id` varchar(191) COLLATE utf8mb4_unicode_ci NOT NULL,
  `url` varchar(191) COLLATE utf8mb4_unicode_ci NOT NULL,
  `alt` varchar(191) COLLATE utf8mb4_unicode_ci DEFAULT NULL,
  `productId` varchar(191) COLLATE utf8mb4_unicode_ci NOT NULL,
  `position` int NOT NULL DEFAULT '0',
  `createdAt` datetime(3) NOT NULL DEFAULT CURRENT_TIMESTAMP(3),
  `updatedAt` datetime(3) NOT NULL,
  PRIMARY KEY (`id`),
  KEY `product_images_productId_fkey` (`productId`),
  CONSTRAINT `product_images_productId_fkey` FOREIGN KEY (`productId`) REFERENCES `products` (`id`) ON DELETE CASCADE ON UPDATE CASCADE
) ENGINE=InnoDB DEFAULT CHARSET=utf8mb4 COLLATE=utf8mb4_unicode_ci;
/*!40101 SET character_set_client = @saved_cs_client */;

--
-- Dumping data for table `product_images`
--

LOCK TABLES `product_images` WRITE;
/*!40000 ALTER TABLE `product_images` DISABLE KEYS */;
INSERT INTO `product_images` VALUES ('img_1762016370970_0_2ulpnn','/uploads/1762016370969-0-2.avif','Handmade Pure Wool Shawl | Maroon Color','cmhgj1x5t0002nz01h2rul3gw',0,'2025-11-01 16:59:30.978','2025-11-01 16:59:30.970'),('img_1762016370971_1_tvs50h','/uploads/1762016370971-1-3.avif','Handmade Pure Wool Shawl | Maroon Color','cmhgj1x5t0002nz01h2rul3gw',1,'2025-11-01 16:59:30.978','2025-11-01 16:59:30.971'),('img_1762016370972_2_xg4rp','/uploads/1762016370972-2-4.avif','Handmade Pure Wool Shawl | Maroon Color','cmhgj1x5t0002nz01h2rul3gw',2,'2025-11-01 16:59:30.978','2025-11-01 16:59:30.972'),('img_1762016370974_3_8a14uo','/uploads/1762016370974-3-5.avif','Handmade Pure Wool Shawl | Maroon Color','cmhgj1x5t0002nz01h2rul3gw',3,'2025-11-01 16:59:30.978','2025-11-01 16:59:30.974'),('img_1762016370975_4_t0ntmp','/uploads/1762016370975-4-6.avif','Handmade Pure Wool Shawl | Maroon Color','cmhgj1x5t0002nz01h2rul3gw',4,'2025-11-01 16:59:30.978','2025-11-01 16:59:30.975'),('img_1762248206597_0_00ztr','/uploads/1762248206596-0-imgi_9_7-100x100.jpg','Handmade Angora Wool Muffler','cmhkd2ypo0002n00137kjgb6s',0,'2025-11-04 09:23:26.651','2025-11-04 09:23:26.597'),('img_1762248206598_1_dl6ik4','/uploads/1762248206598-1-imgi_11_retouch_2025102113015550-scaled-100x100.jpg','Handmade Angora Wool Muffler','cmhkd2ypo0002n00137kjgb6s',1,'2025-11-04 09:23:26.651','2025-11-04 09:23:26.598'),('img_1762248206599_2_ihjw3y','/uploads/1762248206598-2-imgi_12_retouch_2025102113030721-scaled-100x100.jpg','Handmade Angora Wool Muffler','cmhkd2ypo0002n00137kjgb6s',2,'2025-11-04 09:23:26.651','2025-11-04 09:23:26.599'),('img_1762248206599_3_lhkhys','/uploads/1762248206599-3-imgi_17_retouch_2025102112590161-300x300.jpg','Handmade Angora Wool Muffler','cmhkd2ypo0002n00137kjgb6s',3,'2025-11-04 09:23:26.651','2025-11-04 09:23:26.599'),('img_1762248921449_0_isrgkp','/uploads/1762248921449-0-imgi_2_retouch_2025102113055314-600x600.jpg','Double Pure 100% Wool Handmade Muffler','cmhkdia9f0006n001qrold30k',0,'2025-11-04 09:35:21.459','2025-11-04 09:35:21.449'),('img_1762249318176_0_2sp62r','/uploads/1762249318175-0-imgi_2_WhatsApp-Image-2025-10-02-at-13.40.26-600x516.jpg','Handmade Pure Wool Shawl (100% Wool) | Salam Pora Made Classic Solid Colors','cmhkdqsdp000an0019oi5a57m',0,'2025-11-04 09:41:58.189','2025-11-04 09:41:58.176'),('img_1762249318176_1_8tkuo4','/uploads/1762249318176-1-imgi_4_WhatsApp-Image-2025-10-02-at-13.42.03-600x600.jpg','Handmade Pure Wool Shawl (100% Wool) | Salam Pora Made Classic Solid Colors','cmhkdqsdp000an0019oi5a57m',1,'2025-11-04 09:41:58.189','2025-11-04 09:41:58.176'),('img_1762249318178_2_j6vhil','/uploads/1762249318178-2-imgi_45_WhatsApp-Image-2025-10-02-at-13.40.26-768x660.jpg','Handmade Pure Wool Shawl (100% Wool) | Salam Pora Made Classic Solid Colors','cmhkdqsdp000an0019oi5a57m',2,'2025-11-04 09:41:58.189','2025-11-04 09:41:58.178'),('img_1762250318698_0_65nm','/uploads/1762250318698-0-imgi_47_2-1024x683.webp','Pure Wool Shawl Maroon','cmhkec8dw000in00121yw3d6h',0,'2025-11-04 09:58:38.708','2025-11-04 09:58:38.698'),('img_1762250318699_1_59253','/uploads/1762250318698-1-imgi_49_2-1536x1024.webp','Pure Wool Shawl Maroon','cmhkec8dw000in00121yw3d6h',1,'2025-11-04 09:58:38.708','2025-11-04 09:58:38.699'),('img_1762250318699_2_g545rp','/uploads/1762250318699-2-imgi_51_1-1024x683.webp','Pure Wool Shawl Maroon','cmhkec8dw000in00121yw3d6h',2,'2025-11-04 09:58:38.708','2025-11-04 09:58:38.699'),('img_1762250318700_3_qe2mkd','/uploads/1762250318699-3-imgi_53_1-1536x1024.webp','Pure Wool Shawl Maroon','cmhkec8dw000in00121yw3d6h',3,'2025-11-04 09:58:38.708','2025-11-04 09:58:38.700'),('img_1762250824962_0_r4a5l4','/uploads/1762250824962-0-imgi_4_cream-600x800.webp','Handmade 3 Frame Borders, Pure Australian Wool Men Shawl','cmhken30z000nn001ecm20kgi',0,'2025-11-04 10:07:04.978','2025-11-04 10:07:04.963'),('img_1762250824964_1_ehg0q','/uploads/1762250824963-1-imgi_44_l-b.webp','Handmade 3 Frame Borders, Pure Australian Wool Men Shawl','cmhken30z000nn001ecm20kgi',1,'2025-11-04 10:07:04.978','2025-11-04 10:07:04.964'),('img_1762250824964_2_yr6h7v','/uploads/1762250824964-2-imgi_50_beige-461x1024.webp','Handmade 3 Frame Borders, Pure Australian Wool Men Shawl','cmhken30z000nn001ecm20kgi',2,'2025-11-04 10:07:04.978','2025-11-04 10:07:04.964'),('img_1762251236900_0_6a3fbj','/uploads/1762251236899-0-imgi_3_Pure-Lamb-482.jpg','Luxury Pure Lamb’s Wool (48/2) Handmade Double-Weight Shawl | White & Skin Colors','cmhkevwvi000rn001u02dg1gj',0,'2025-11-04 10:13:56.910','2025-11-04 10:13:56.900'),('img_1762251718089_0_qx6t9','/uploads/1762251718088-0-imgi_2_IMG-20251013-WA0002_copy-600x800.webp','Handmade Frame Border, Pure Australian Wool Men Shawl','cmhkf685t000wn0014p12th5k',0,'2025-11-04 10:21:58.097','2025-11-04 10:21:58.089'),('img_1764055580708_0_rln42l','/uploads/1764055580707-0-badam.webp','Charsadda Handmade Badam Classic Khaddar','cmie959gw0003pm01y7coqjw9',0,'2025-11-25 07:26:20.720','2025-11-25 07:26:20.708'),('img_1764056085750_0_7w5q1','/uploads/1764056085748-0-Black5-(1).webp','Charsadda Handmade Black Classic Khaddar','cmie9g35o0007pm01h6j0urvm',0,'2025-11-25 07:34:45.756','2025-11-25 07:34:45.750'),('img_1764056563873_0_nm824n','/uploads/1764056563872-0-3.webp','Charsadda Handmade Dark Blue Classic Khaddar','cmie9qc2w000bpm014or7s5bb',0,'2025-11-25 07:42:43.881','2025-11-25 07:42:43.873'),('img_1764056798962_0_bkrxo','/uploads/1764056798961-0-chocolate2.webp','Charsadda Handmade Chocolate Color Classic Khaddar','cmie9vdh5000fpm01jnxkzbqr',0,'2025-11-25 07:46:38.970','2025-11-25 07:46:38.962'),('img_1764057410366_0_2r71kp','/uploads/1764057410365-0-camel_5b941686-7bed-40f1-9b48-36da0b253f24.webp','Charsadda Handmade Camel Color Classic Khaddar','cmiea8h8i000qpm01bpd1hc6h',0,'2025-11-25 07:56:50.370','2025-11-25 07:56:50.366'),('img_1764061920555_0_9sy3ee','/uploads/1764061920554-0-Grey3.webp','Charsadda Handmade Gray Classic Khaddar','cmiecx5bz0010pm01fnbiivqv',0,'2025-11-25 09:12:00.575','2025-11-25 09:12:00.555'),('img_1764062165221_0_ime4yx','/uploads/1764062165221-0-brown2.webp','Charsadda Handmade Light Brown Classic Khaddar','cmied2e3t0014pm01gixv4mm7',0,'2025-11-25 09:16:05.226','2025-11-25 09:16:05.221'),('img_1764062444153_0_7sputu','/uploads/1764062444153-0-469740497_935034225229832_4446554819621418018_n.webp','Charsadda Handmade Light Camel Classic Khaddar','cmied8dbx0018pm01xc15fhlk',0,'2025-11-25 09:20:44.158','2025-11-25 09:20:44.153'),('img_1764062987837_0_77t2hi','/uploads/1764062987837-0-469981986_870300805178137_5149185440474464189_n.webp','Charsadda Handmade Green Classic Khaddar','cmiedk0ub001cpm012yi7bs0w',0,'2025-11-25 09:29:47.843','2025-11-25 09:29:47.837'),('img_1764063476541_0_w4oeko','/uploads/1764063476541-0-white1-(1).webp','Charsadda Handmade White Classic Khaddar','cmieduhxf001gpm01hra4975n',0,'2025-11-25 09:37:56.547','2025-11-25 09:37:56.541'),('img_1764140087414_0_l3e86h','/uploads/1764140087414-0-e89b509c-e674-48af-9e3a-cbadcdf1168c.webp','72 Wool Men Blue Shawl – Premium Handwoven Comfort and Style','cmifngj9d0003pm01ml4n31t3',0,'2025-11-26 06:54:47.425','2025-11-26 06:54:47.414'),('img_1764140087415_1_xjlt1f','/uploads/1764140087414-1-57008c6d-2bae-435e-9de5-ad8186ed6123.webp','72 Wool Men Blue Shawl – Premium Handwoven Comfort and Style','cmifngj9d0003pm01ml4n31t3',1,'2025-11-26 06:54:47.425','2025-11-26 06:54:47.415'),('img_1764140087415_2_pyai4d','/uploads/1764140087415-2-2616615c-9896-4c0f-ba1c-06e0500b7518.webp','72 Wool Men Blue Shawl – Premium Handwoven Comfort and Style','cmifngj9d0003pm01ml4n31t3',2,'2025-11-26 06:54:47.425','2025-11-26 06:54:47.415'),('img_1764140328295_0_xq33lh','/uploads/1764140328295-0-images-(3).webp','Winter Customized Men Shawl - Customise Men Shawl','cmifnlp4p0007pm01upxi1dm4',0,'2025-11-26 06:58:48.314','2025-11-26 06:58:48.295'),('img_1764140328300_1_i83eh','/uploads/1764140328295-1-images-(2).webp','Winter Customized Men Shawl - Customise Men Shawl','cmifnlp4p0007pm01upxi1dm4',1,'2025-11-26 06:58:48.314','2025-11-26 06:58:48.300'),('img_1764140328301_2_rtykj','/uploads/1764140328301-2-images-(1).webp','Winter Customized Men Shawl - Customise Men Shawl','cmifnlp4p0007pm01upxi1dm4',2,'2025-11-26 06:58:48.314','2025-11-26 06:58:48.301'),('img_1764140823011_0_g0oell','/uploads/1764140823011-0-d41f8eb8-b4d5-4eae-9314-488e39587a8a.webp','72 Wool Men Black Shawl – Premium Handwoven Comfort and Style','cmifnwauk000bpm013p7arl61',0,'2025-11-26 07:07:03.021','2025-11-26 07:07:03.011'),('img_1764140823012_1_elheqr','/uploads/1764140823012-1-069449a5-bc65-4ceb-bc35-3f0926e6aab9.webp','72 Wool Men Black Shawl – Premium Handwoven Comfort and Style','cmifnwauk000bpm013p7arl61',1,'2025-11-26 07:07:03.021','2025-11-26 07:07:03.012'),('img_1764140823013_2_5cpfag','/uploads/1764140823012-2-5d17b7b8-318f-456a-8b8d-8582924d61ad.webp','72 Wool Men Black Shawl – Premium Handwoven Comfort and Style','cmifnwauk000bpm013p7arl61',2,'2025-11-26 07:07:03.021','2025-11-26 07:07:03.013'),('img_1764141676432_0_hace48','/uploads/1764141676431-0-IMG_0255.webp','Pashmina Jalalpuri Men Shawl - Single Border','cmifoele7000fpm01ld23u0no',0,'2025-11-26 07:21:16.493','2025-11-26 07:21:16.432'),('img_1764141676438_1_9prsvj','/uploads/1764141676437-1-IMG_0257.webp','Pashmina Jalalpuri Men Shawl - Single Border','cmifoele7000fpm01ld23u0no',1,'2025-11-26 07:21:16.493','2025-11-26 07:21:16.438'),('img_1764141676458_2_h63b6','/uploads/1764141676455-2-IMG_0261-1.webp','Pashmina Jalalpuri Men Shawl - Single Border','cmifoele7000fpm01ld23u0no',2,'2025-11-26 07:21:16.493','2025-11-26 07:21:16.458'),('img_1764142134377_0_zzljpe','/uploads/1764142134377-0-lady-shawl-pashmina.jpg','Luxury Black Embroidered Pashmina Shawl | Handmade Kashmiri Kani/Jaal Work','cmifooep9000jpm01na98v7kb',0,'2025-11-26 07:28:54.382','2025-11-26 07:28:54.377'),('img_1764142668805_0_aje3ul','/uploads/1764142668805-0-3.webp','7 Flowers Ladies Winter Shawl','cmifozv2l000npm01u6vmq29w',0,'2025-11-26 07:37:48.813','2025-11-26 07:37:48.805'),('img_1764142668807_1_n36jg','/uploads/1764142668806-1-e-2-scaled.webp','7 Flowers Ladies Winter Shawl','cmifozv2l000npm01u6vmq29w',1,'2025-11-26 07:37:48.813','2025-11-26 07:37:48.807'),('img_1764353079680_0_j3l6ve','/uploads/1764353079569-0-3.jpg','96 - Aryy Machine Made Pure 100% Wool','cmij69pcb0002pm018p92a6st',0,'2025-11-28 18:04:39.946','2025-11-28 18:04:39.680'),('img_1764353079883_1_ryslop','/uploads/1764353079794-1-4.jpg','96 - Aryy Machine Made Pure 100% Wool','cmij69pcb0002pm018p92a6st',1,'2025-11-28 18:04:39.946','2025-11-28 18:04:39.883'),('img_1764353079925_2_wt6re','/uploads/1764353079918-2-5.jpg','96 - Aryy Machine Made Pure 100% Wool','cmij69pcb0002pm018p92a6st',2,'2025-11-28 18:04:39.946','2025-11-28 18:04:39.925'),('img_1764353079929_3_3ea8ud','/uploads/1764353079928-3-6.jpg','96 - Aryy Machine Made Pure 100% Wool','cmij69pcb0002pm018p92a6st',3,'2025-11-28 18:04:39.946','2025-11-28 18:04:39.929'),('img_1764353079932_4_wkzx1i','/uploads/1764353079931-4-7.jpg','96 - Aryy Machine Made Pure 100% Wool','cmij69pcb0002pm018p92a6st',4,'2025-11-28 18:04:39.946','2025-11-28 18:04:39.932'),('img_1764353079934_5_2laqnb','/uploads/1764353079933-5-8.jpg','96 - Aryy Machine Made Pure 100% Wool','cmij69pcb0002pm018p92a6st',5,'2025-11-28 18:04:39.946','2025-11-28 18:04:39.934'),('img_1764353079936_6_20almh','/uploads/1764353079935-6-9.jpg','96 - Aryy Machine Made Pure 100% Wool','cmij69pcb0002pm018p92a6st',6,'2025-11-28 18:04:39.946','2025-11-28 18:04:39.936'),('img_1764353079940_7_dnffzj','/uploads/1764353079937-7-10.jpg','96 - Aryy Machine Made Pure 100% Wool','cmij69pcb0002pm018p92a6st',7,'2025-11-28 18:04:39.946','2025-11-28 18:04:39.940');
/*!40000 ALTER TABLE `product_images` ENABLE KEYS */;
UNLOCK TABLES;

--
-- Table structure for table `product_variants`
--

DROP TABLE IF EXISTS `product_variants`;
/*!40101 SET @saved_cs_client     = @@character_set_client */;
/*!50503 SET character_set_client = utf8mb4 */;
CREATE TABLE `product_variants` (
  `id` varchar(191) COLLATE utf8mb4_unicode_ci NOT NULL,
  `name` varchar(191) COLLATE utf8mb4_unicode_ci NOT NULL,
  `sku` varchar(191) COLLATE utf8mb4_unicode_ci NOT NULL,
  `price` double DEFAULT NULL,
  `inventory` int NOT NULL DEFAULT '0',
  `productId` varchar(191) COLLATE utf8mb4_unicode_ci NOT NULL,
  `createdAt` datetime(3) NOT NULL DEFAULT CURRENT_TIMESTAMP(3),
  `updatedAt` datetime(3) NOT NULL,
  PRIMARY KEY (`id`),
  UNIQUE KEY `product_variants_sku_key` (`sku`),
  KEY `product_variants_productId_fkey` (`productId`),
  CONSTRAINT `product_variants_productId_fkey` FOREIGN KEY (`productId`) REFERENCES `products` (`id`) ON DELETE CASCADE ON UPDATE CASCADE
) ENGINE=InnoDB DEFAULT CHARSET=utf8mb4 COLLATE=utf8mb4_unicode_ci;
/*!40101 SET character_set_client = @saved_cs_client */;

--
-- Dumping data for table `product_variants`
--

LOCK TABLES `product_variants` WRITE;
/*!40000 ALTER TABLE `product_variants` DISABLE KEYS */;
/*!40000 ALTER TABLE `product_variants` ENABLE KEYS */;
UNLOCK TABLES;

--
-- Table structure for table `products`
--

DROP TABLE IF EXISTS `products`;
/*!40101 SET @saved_cs_client     = @@character_set_client */;
/*!50503 SET character_set_client = utf8mb4 */;
CREATE TABLE `products` (
  `id` varchar(191) COLLATE utf8mb4_unicode_ci NOT NULL,
  `name` varchar(191) COLLATE utf8mb4_unicode_ci NOT NULL,
  `description` text COLLATE utf8mb4_unicode_ci NOT NULL,
  `details` text COLLATE utf8mb4_unicode_ci,
  `careInstructions` text COLLATE utf8mb4_unicode_ci,
  `price` double NOT NULL,
  `image` varchar(191) COLLATE utf8mb4_unicode_ci NOT NULL,
  `categoryId` varchar(191) COLLATE utf8mb4_unicode_ci NOT NULL,
  `inStock` tinyint(1) NOT NULL DEFAULT '1',
  `createdAt` datetime(3) NOT NULL DEFAULT CURRENT_TIMESTAMP(3),
  `updatedAt` datetime(3) NOT NULL,
  `published` tinyint(1) NOT NULL DEFAULT '0',
  `slug` varchar(191) COLLATE utf8mb4_unicode_ci NOT NULL,
  PRIMARY KEY (`id`),
  UNIQUE KEY `products_slug_key` (`slug`),
  KEY `products_categoryId_fkey` (`categoryId`),
  CONSTRAINT `products_categoryId_fkey` FOREIGN KEY (`categoryId`) REFERENCES `categories` (`id`) ON DELETE CASCADE ON UPDATE CASCADE
) ENGINE=InnoDB DEFAULT CHARSET=utf8mb4 COLLATE=utf8mb4_unicode_ci;
/*!40101 SET character_set_client = @saved_cs_client */;

--
-- Dumping data for table `products`
--

LOCK TABLES `products` WRITE;
/*!40000 ALTER TABLE `products` DISABLE KEYS */;
INSERT INTO `products` VALUES ('cmhgj1x5t0002nz01h2rul3gw','Handmade Pure Wool Shawl | Maroon Color','<h2><strong>Stay Warm and Stylish with Our Wool Shawl</strong></h2><p>The <em>Handmade Pure Wool Shawl</em> from Khyber Wear is perfect for those cold winter days. Made from high-quality pure wool, this <em>wool shawl</em> will keep you warm and cozy. Whether you\'re dressing up for a special event or just need something comfortable for everyday use, this <em>shawl for men</em> is a great choice.</p><h3><strong><br>Soft and Comfortable Wool Shawl</strong></h3><p>Our <em>woolen shawl</em> is made from soft, breathable wool that feels great against your skin. It keeps you warm without making you feel too hot, so you can wear it for hours without any discomfort. The natural wool fabric is perfect for cold weather and helps you stay dry as well.</p><h3><strong><br>Elegant Maroon Color Shawl</strong></h3><p>The beautiful <em>maroon color shawl</em> adds a stylish touch to your winter outfits. The rich maroon color is perfect for both casual and formal occasions, making it easy to match with different clothes. It’s a great way to add some color to your wardrobe while staying warm.</p><h3><strong><br>Shawl for Men: Perfect for Any Occasion</strong></h3><p>This <em>shawl for men</em> is ideal for everyday use, special occasions, or even festive events. Whether you\'re going to a family gathering or just need something comfortable for work, this <em>men shawl in Pakistan</em> is a smart and stylish option.</p><h4><strong><br>Handmade and Durable</strong></h4><p>Each <em>wool shawl</em> is handmade with care, ensuring it lasts for a long time. The quality craftsmanship means that the shawl will stay in good condition, even after many uses. It\'s a durable piece that provides both warmth and style.</p><h3><strong><br>Why Choose Khyber Wear’s Handmade Wool Shawl?</strong></h3><ul><li><p>Made from 100% pure wool for warmth and comfort</p></li><li><p>Stylish <em>maroon color shawl</em> for any occasion</p></li><li><p>Perfect <em>shawl for men</em> who want both style and warmth</p></li><li><p>Handmade for better quality and long-lasting use</p></li></ul><h2><strong><br>Order Your Handmade Wool Shawl Today</strong></h2><p>Don\'t miss out on this beautiful <em>woolen shawl</em> from Khyber Wear. Whether you\'re treating yourself or looking for the perfect gift, this shawl is a great choice. Stay warm and look great all winter long. Order yours now!</p>','Handmade','Warm Water',4999,'/uploads/1762016689002-1.webp','cmhfvlpem0008s10kjml5l9m2',1,'2025-11-01 16:59:30.978','2025-11-03 09:13:48.651',1,'handmade-pure-wool-shawl-maroon-color'),('cmhkd2ypo0002n00137kjgb6s','Handmade Angora Wool Muffler','Stay warm, cozy, and effortlessly stylish with our Handmade Angora Wool Muffler — a statement of elegance and comfort. Crafted from the finest Angora wool, it offers unmatched softness, warmth, and breathability, keeping you snug through the coldest days.\r\nLightweight yet incredibly insulating, this muffler feels gentle on your skin and drapes beautifully over any outfit. Whether paired with a casual jacket or a formal coat, it adds a refined touch to your look.\r\nDesigned for modern men who value both comfort and sophistication, this versatile piece doubles as a muffler, scarf, or stoller — perfect for any occasion.\r\nGive your winter wardrobe an upgrade or surprise someone special with this timeless gift. Elegant, warm, and beautifully handcrafted — the Angora Wool Muffler is more than just an accessory; it’s a symbol of style and comfort.','Handmade Angora Wool Muffler for unmatched warmth and style.\r\nVersatile design ideal as a muffler scarf or stoller scarf.\r\nPerfect men’s muffler for winter in Pakistan.\r\nLightweight, soft, and cozy—your go-to scarf for men.','If hand washing, use cold water and a mild wool detergent.\r\nFold neatly — avoid hanging to prevent stretching.\r\nKeep away from heat sources and open flames.',2999,'','cmhfvlpem0008s10kjml5l9m2',1,'2025-11-04 09:23:26.651','2025-11-05 07:58:43.619',1,'handmade-angora-wool-muffler'),('cmhkdia9f0006n001qrold30k','Double Pure 100% Wool Handmade Muffler','Experience the unmatched warmth and sophistication of our Double Pure 100% Wool Handmade Muffler, a true blend of comfort, craftsmanship, and style.\r\nMade from 100% premium wool, this muffler provides superior insulation while remaining soft and lightweight, keeping you cozy without the bulk.\r\nEach piece is carefully handcrafted, ensuring durability and a refined finish that complements both casual and formal outfits. Whether draped over a coat or paired with a sweater, its natural wool texture adds a touch of effortless elegance.\r\nPerfect for everyday wear or gifting, this muffler is a winter essential for those who appreciate quality and timeless design. Stay warm, look sharp, and enjoy the pure comfort of genuine wool — made to last, made with care.','Material: 100% Pure Wool\r\nDesign: Double-layer, handmade craftsmanship\r\nTexture: Soft, warm, and breathable\r\nDimensions: Approx. 70–80 inches (length) × 12–14 inches (width) (customizable)\r\nWeight: Lightweight yet insulating\r\nColors Available: Natural shades & classic tones\r\nGender: Unisex (Ideal for men and women)','Dry clean recommended\r\nDo not tumble dry or bleach\r\nStore folded in a cool, dry place',2500,'/uploads/1762248921434-imgi_4_retouch_2025102112590161.avif','cmhfvlpem0008s10kjml5l9m2',1,'2025-11-04 09:35:21.459','2025-11-05 07:58:30.092',1,'double-pure-100-wool-handmade-muffler'),('cmhkdqsdp000an0019oi5a57m','Handmade Pure Wool Shawl (100% Wool) | Salam Pora Made Classic Solid Colors','Experience the authentic warmth and purity of our Handmade Pure Wool Shawl. Crafted with a commitment to traditional methods, these shawls are certified 100% Pure Wool and boast the esteemed Salam Pora Made quality, ensuring a genuine, high-quality garment.\r\n\r\nThese wraps are perfect for those who appreciate natural, unbleached fibers and classic design. Each shawl features a subtle, traditional woven border detail near the edges and is finished with hand-tied natural fringes. The solid, neutral palette—including shades of natural cream, beige, and tan—makes them versatile for both men and women and suitable for any occasion, from casual warmth to formal layering.','Material: 100% Pure Wool (Authentic Natural Fibers).\r\nCraftsmanship: Handmade and traditionally produced (Salam Pora Made).\r\nDesign: Solid, classic colors with an elegant woven band detail.\r\nColors: Available in versatile, earth-toned shades (Cream, Beige, Natural Tan).\r\nComfort: Offers exceptional warmth without excessive weight.\r\nStyle: A timeless piece suitable as a Men’s Shawl or Women’s Wrap.\r\nWeight: 800grams','Dry clean only for best results.\r\nStore folded in a cool, dry place away from direct sunlight.\r\nHandle gently to preserve the softness of the wool.',6500,'/uploads/1762249318159-imgi_2_WhatsApp-Image-2025-10-02-at-13.40.26-600x516.jpg','cmhfvlpem0008s10kjml5l9m2',1,'2025-11-04 09:41:58.189','2025-11-05 07:57:50.906',1,'handmade-pure-wool-shawl-100-wool-salam-pora-made-classic-solid-colors'),('cmhkec8dw000in00121yw3d6h','Pure Wool Shawl Maroon','Wrap yourself in luxury with our Handmade Pure Wool Shawl, beautifully crafted in a rich Maroon color that exudes classic charm. Made from 100% premium wool, this shawl combines warmth, softness, and lightness for ultimate comfort.\r\nEach piece is handwoven by skilled artisans, ensuring fine craftsmanship and a refined finish that stands the test of time. The deep maroon hue complements both traditional and modern styles, making it ideal for formal gatherings, daily wear, or gifting.\r\nPerfect for chilly evenings or cozy mornings, this shawl adds a touch of grace and warmth to your winter wardrobe — a true blend of comfort, style, and authenticity.','Material: 100% Pure Wool\r\nColor: Maroon\r\nDesign: Solid color, handcrafted weave\r\nTexture: Soft, smooth, and naturally warm\r\nDimensions: Approx. 90 × 200 cm (may vary slightly)\r\nWeight: Lightweight yet insulating\r\nGender: Unisex\r\nIdeal For: Winter wear, formal events, casual use, and gifting\r\nOrigin: Handwoven in Pakistan','Dry clean only.\r\nDo not bleach, machine wash, or tumble dry.\r\nIf hand washing, use cold water with mild wool detergent.',3799,'/uploads/1762250318683-imgi_51_1-1024x683.webp','cmhfvlpem0008s10kjml5l9m2',1,'2025-11-04 09:58:38.708','2025-11-05 07:57:23.217',1,'pure-wool-shawl-maroon'),('cmhken30z000nn001ecm20kgi','Handmade 3 Frame Borders, Pure Australian Wool Men Shawl','Wrap yourself in the comfort of tradition and class with our Handmade Pure Australian Wool Shawl, featuring a distinguished 3-frame border design. Made from 100% pure Australian wool, this shawl delivers exceptional softness, warmth, and breathability, making it perfect for chilly days or formal evenings.\r\nEach piece is expertly handwoven by skilled artisans, ensuring a flawless finish and lasting quality. The elegant three-border pattern adds a subtle touch of sophistication, ideal for pairing with traditional attire or modern winter wear.\r\nLightweight yet insulating, this shawl provides warmth without bulk — a true symbol of luxury and heritage for the modern gentleman.','Material: 100% Pure Australian Wool (48-count fine yarn)\r\nCraft: Handmade with 3-frame bordered design\r\nTexture: Soft, breathable, and warm\r\nStyle: Elegant traditional & contemporary wear\r\nFinish: Smooth edges with refined handwoven detailing\r\nUnisex design – suitable for both men and women','Dry clean only for best results.\r\nAvoid machine wash or tumble drying.\r\nDo not bleach or wring.',9500,'/uploads/1762250824954-imgi_2_l-b-600x599.webp','cmhfvlpem0008s10kjml5l9m2',1,'2025-11-04 10:07:04.978','2025-11-05 07:53:41.364',1,'handmade-3-frame-borders-pure-australian-wool-men-shawl'),('cmhkevwvi000rn001u02dg1gj','Luxury Pure Lamb’s Wool (48/2) Handmade Double-Weight Shawl | White & Skin Colors','Experience pure refinement with our Handmade Double-Weight Shawl, crafted from 100% Pure Lamb’s Wool (48/2 count) — a premium-grade wool known for its unmatched softness, warmth, and fine texture.\r\nThe double-weight weave enhances insulation while maintaining a smooth, lightweight drape, offering luxurious comfort in colder seasons. Each shawl is meticulously handcrafted by expert artisans, ensuring precision, durability, and a flawless finish that defines true craftsmanship.\r\nThe serene White and Skin tones exude understated elegance, making this piece versatile for both formal and casual occasions. Whether you’re attending a winter gathering or seeking an elegant everyday wrap, this shawl adds a refined touch to any wardrobe.','Material: 100% Pure Lamb’s Wool (48/2 fine count) for ultra-soft, lightweight warmth\r\nDesign: Handmade double-weight shawl with superior insulation and elegant drape\r\nCraftsmanship: Hand-woven border and hand-tied fringes for authentic artisanal detail\r\nWeight & Colors: 400Gm & Available in Classic White and Warm Skin (beige/tan)\r\nVersatility: Ideal for both men’s formalwear and women’s evening or casual wrap\r\nFeatures: Dual-layer weave for extra comfort, refined texture, and timeless luxury','Dry clean only — recommended for longevity.\r\nAvoid machine washing, bleach, or tumble drying.\r\nLay flat to dry in shade; do not wring or twist.',5999,'/uploads/1762251236884-imgi_3_Pure-Lamb-482.jpg','cmhfvlpem0008s10kjml5l9m2',1,'2025-11-04 10:13:56.910','2025-11-05 07:57:02.195',1,'luxury-pure-lamb-s-wool-48-2-handmade-double-weight-shawl-white-skin-colors'),('cmhkf685t000wn0014p12th5k','Handmade Frame Border, Pure Australian Wool Men Shawl','Experience the art of fine craftsmanship with our Pure Australian Wool Handmade Shawl, designed with a refined frame border that adds depth and sophistication to your winter style.\r\nMade from 100% premium Australian wool, this shawl offers superior warmth, breathability, and an ultra-soft texture that feels luxurious against the skin. Each piece is expertly handwoven by skilled artisans, ensuring exceptional quality and timeless appeal.\r\nThe elegant border detailing enhances its classic design, making it suitable for formal occasions, daily wear, or traditional gatherings. Lightweight yet insulating, it’s the ideal companion for cold weather — blending tradition, craftsmanship, and comfort seamlessly.','<p>100% Pure Australian Wool Sourced from the finest merino wool, known for its softness, durability, and natural insulation.</p><p>✅ Heavyweight Warmth – 800 Grams Designed to provide substantial warmth, this shawl is ideal for harsh winter weather while remaining breathable and soft.</p><p>✅ Handmade Frame Border Design Featuring a sophisticated frame border, each shawl is meticulously handmade by skilled artisans, giving it a refined, high-end appeal.</p><p>✅ Generous Size for Versatile Styling Large enough to be worn over the shoulders, wrapped around the body, or styled as a muffler – perfect for formal and casual wear.</p><p>✅ Premium Craftsmanship Every piece is a testament to traditional weaving techniques, with attention to detail that ensures longevity and elegance.</p>','Dry clean only for best results.\r\nAvoid machine washing, bleach, and tumble drying.\r\nLay flat to air dry in shade — do not wring or twist.',6900,'/uploads/1762251718081-imgi_4_IMG-20251013-WA0003_copy.webp','cmhfvlpem0008s10kjml5l9m2',1,'2025-11-04 10:21:58.097','2025-11-05 07:55:51.049',1,'handmade-frame-border-pure-australian-wool-men-shawl'),('cmie959gw0003pm01y7coqjw9','Charsadda Handmade Badam Classic Khaddar','Charsadda Handmade Badam Classic Khaddar – Premium Winter Fabric for Warmth and Style\r\nCharsadda Handmade Badam Classic Khaddar: Authentic Handmade Khaddi Craftsmanship\r\nThe Charsadda Handmade Badam Classic Khaddar celebrates centuries-old Khaddi weaving traditions. Each meter of fabric is carefully woven by hand, resulting in a rich, textured, and sturdy material that machine-made fabrics cannot replicate.\r\nCharsadda Handmade Badam Classic Khaddar: Premium Wool for Maximum Warmth\r\nCrafted using pure wool and organic fibers, this Khaddar provides exceptional insulation during cold winter months. Its dense weave traps warmth effectively while remaining breathable, ensuring all-day comfort without feeling heavy.\r\nAuthentic Heritage: Handwoven on Khaddi looms.\r\nWarm & Soft: Pure wool fibers.\r\nDurable & Long-Lasting: Strong weave.\r\nVersatile Design Options: Perfect for shalwar kameez, formal suits, casual winter attire.\r\nElegant Badam Color: Neutral earthy shade.\r\nSupport Local Artisans: Helps sustain traditional weaving communities in Charsadda.','SIZE: Length: 8 Meters\r\nCOLLECTIONS: Winter collection\r\nFABRIC: Classic khaddi winter\r\nPRODUCT TYPE: Un-Stitched\r\nPRODUCT QUALITY: 5 Star Quality\r\nFABRIC NATURE: Warm winter fabrics\r\nThis fabric is soft Woolen Khaddar.\r\nThe color and finish are guaranteed.\r\nAll Over Pakistan Free Home Delivery\r\nThis fabric is made from 100% Woolen','Dry clean only for best results.\r\nAvoid machine washing or tumble drying.\r\nDo not bleach.',3899,'/uploads/1764055580668-badam_color_2.webp','cmieixoc9001npm01nin5jz4x',1,'2025-11-25 07:26:20.720','2025-11-25 12:03:15.898',1,'charsadda-handmade-badam-classic-khaddar'),('cmie9g35o0007pm01h6j0urvm','Charsadda Handmade Black Classic Khaddar','Charsadda Handmade Black Classic Khaddar | Warmth Meets Modern Elegance\r\nExperience the heritage of Charsadda craftsmanship with Khyber Wear’s Black Classic Khaddar — a handwoven masterpiece from our Classic Khaddi Winter Collection. Made from 100% pure wool, this fabric blends traditional weaving techniques with contemporary tailoring needs, creating the perfect balance of style, warmth, and cultural pride.\r\nCrafted with Authentic Artistry\r\nEach yard of this Charsadda handmade khaddar is woven by skilled local artisans using non-chemicalized, eco-friendly fibers. The tight Khamta weave enhances its durability and softness, ensuring a luxurious feel while maintaining the natural breathability Khaddar is known for.','Origin: Charsadda, Khyber Pakhtunkhwa, Pakistan\r\nMaterial: 100% pure wool (hand-spun, hand-woven)\r\nDimensions: 7 meters × 1 yard (unstitched)\r\nColor: Deep Black – naturally dyed for long-lasting richness\r\nSeason: Ideal for winter and transitional weather\r\nSIZE: Length: 8 Meters\r\nCOLLECTIONS: Winter collection\r\nFABRIC: Classic khaddi winter\r\nPRODUCT TYPE: Un-Stitched\r\nPRODUCT QUALITY: 5 Star Quality\r\nFABRIC NATURE: Warm winter fabrics\r\nThis fabric is soft Woolen Khaddar.\r\nThe color and finish are guaranteed.\r\nAll Over Pakistan Free Home Delivery\r\nThis fabric is made from 100% Woolen','Dry clean only for best results.\r\nAvoid machine washing or tumble drying.\r\nDo not bleach.',3899,'/uploads/1764056085736-Black3.webp','cmieixoc9001npm01nin5jz4x',1,'2025-11-25 07:34:45.756','2025-11-25 12:03:33.248',1,'charsadda-handmade-black-classic-khaddar'),('cmie9qc2w000bpm014or7s5bb','Charsadda Handmade Dark Blue Classic Khaddar','Charsadda Handmade Dark Blue Classic Khaddar – Stay Warm and Stylish This Winter\r\nexperience the Warmth of Tradition\r\nStep into the season of comfort with Khyber Wear’s Charsadda Handmade Dark Blue Classic Khaddar — a masterpiece woven on traditional Khaddi looms using 100% pure wool. Designed for cold winter days, this premium handmade khaddar combines heritage craftsmanship, modern tailoring flexibility, and luxurious comfort.\r\nThis Classic Khaddi Winter Collection fabric embodies the cultural richness of Charsadda’s textile tradition and the sophistication of Kamalia-style craftsmanship, offering both style and durability for your winter wardrobe.','SIZE: Length: 8 Meters\r\nCOLLECTIONS: Winter collection\r\nFABRIC: Classic khaddi winter\r\nPRODUCT TYPE: Un-Stitched\r\nPRODUCT QUALITY: 5 Star Quality\r\nFABRIC NATURE: Warm winter fabrics\r\nThis fabric is soft Woolen Khaddar.\r\nThe color and finish are guaranteed.\r\nAll Over Pakistan Free Home Delivery\r\nThis fabric is made from 100% Woolen','If hand washing, use cold water and mild detergent.\r\nGently squeeze out excess water — do not wring or twist.\r\nLay flat on a clean towel to air dry in shade.',3899,'/uploads/1764056563864-Bluekhaddar_1.webp','cmieixoc9001npm01nin5jz4x',1,'2025-11-25 07:42:43.881','2025-11-25 12:05:20.609',1,'charsadda-handmade-dark-blue-classic-khaddar'),('cmie9vdh5000fpm01jnxkzbqr','Charsadda Handmade Chocolate Color Classic Khaddar','Charsadda Handmade Chocolate Color Classic Khaddar | Warmth, Heritage & Timeless Craftsmanship\r\nExperience the perfect harmony of tradition and modern comfort with Khyber Wear’s Charsadda Handmade Chocolate Color Classic Khaddar. Crafted from 100% pure handwoven wool by skilled artisans of Charsadda, this premium unstitched Khaddar fabric embodies Pakistani heritage, natural warmth, and durable craftsmanship. Its rich chocolate brown tone evokes an earthy sophistication ideal for men’s winter suits and traditional wear.\r\nAuthentic Handwoven Excellence\r\nPart of our Classic Khaddi Winter Collection, this Khaddar fabric is meticulously woven on traditional looms using Kamalia-inspired techniques. The tight weave, soft finish, and breathable fibers make it an essential choice for men who value style, comfort, and longevity.','Fabric Type: 100% Pure Wool Khaddar\r\nColor: Deep Chocolate Brown\r\nSize: 7 meters length, 1 yard width\r\nTexture: Smooth, breathable, long-lasting weave\r\nSeason: Ideal for cold winter days and nights\r\nOrigin: Handcrafted in Charsadda, inspired by Kamalia craftsmanship','Dry clean only for best results.\r\nAvoid machine washing or tumble drying.\r\nDo not bleach.',3899,'/uploads/1764056798944-chocolate-(1).jpg','cmieixoc9001npm01nin5jz4x',1,'2025-11-25 07:46:38.970','2025-11-25 12:04:58.792',1,'charsadda-handmade-chocolate-color-classic-khaddar'),('cmiea8h8i000qpm01bpd1hc6h','Charsadda Handmade Camel Color Classic Khaddar','Charsadda Handmade Camel Color Classic Khaddar – Timeless Craft, Winter Warmth\r\nExperience authentic Pakistani craftsmanship with Charsadda Handmade Camel Color Classic Khaddar, a winter essential designed for comfort, durability, and heritage style. Handwoven from pure wool khaddar, this camel color unstitched men’s fabric from our Classic Khaddar Winter Collection embodies the cultural artistry of Charsadda — where tradition meets modern tailoring.\r\nWhy Choose Charsadda Handmade Camel Color Classic Khaddar\r\nNatural Warmth & Soft Comfort\r\nThis premium handmade khaddar delivers natural insulation for the cold season. Its camel shade not only radiates elegance but also pairs perfectly with traditional men’s winter suits and shalwar kameez. The soft wool texture ensures breathability, keeping you cozy without feeling heavy.\r\n\r\nDurable & Lightweight Fabric\r\nExpertly woven by skilled artisans, the tight weave enhances strength and longevity while maintaining a light, wearable feel — perfect for daily winter wear or formal attire. This handcrafted Charsadda khaddar is designed to last for many seasons.','100% Pure Wool Handmade Fabric\r\nIdeal for Winter Season\r\nCrafted for Men’s Traditional Clothing\r\nBreathable, Warm, and Soft\r\nProudly Woven in Charsadda, Pakistan','If hand washing, use cold water and mild detergent.\r\nGently squeeze out excess water — do not wring or twist.\r\nLay flat on a clean towel to air dry in shade.',3899,'/uploads/1764057410351-camel2_0ee46b9e-a0ee-4743-b578-debdda6d4c7e-(1).webp','cmieixoc9001npm01nin5jz4x',1,'2025-11-25 07:56:50.370','2025-11-25 12:04:44.546',1,'charsadda-handmade-camel-color-classic-khaddar'),('cmiecx5bz0010pm01fnbiivqv','Charsadda Handmade Gray Classic Khaddar','Charsadda Handmade Gray Classic Khaddar – Timeless Elegance for Cold Days\r\nStep into winter with confidence in Khyber Wear’s Charsadda Handmade Gray Classic Khaddar. This premium Khaddar fabric, part of our Classic Winter Collection, blends soft texture with reliable warmth — a great pick for men’s unstitched winter outfits.\r\nWhy You’ll Love This Fabric\r\nWarm and Gentle: Made from 100% pure wool, this khaddar is soft on your skin and offers lasting warmth on chilly days.\r\nBuilt to Last: The fine, tight weave provides durability without adding bulk — ideal for regular wear in winter.\r\nTailor-Made Potential: With 7 meters in length and 1 yard in width, this unstitched fabric gives you the freedom to create a suit that fits your exact style and size.\r\nWhat We Offer\r\nFree Shipping in Pakistan: Get your order delivered anywhere in Pakistan within 2–3 days. Cash on Delivery available.\r\nHassle-Free Returns: We offer easy returns and exchanges to make sure you’re fully satisfied.\r\nCustom Fabric Options: Need more fabric than the standard cut? Let us know and we’ll customize your order accordingly.\r\nIdeal for Winter Styling\r\nThe Charsadda Handmade Gray Classic Khaddar is designed to offer both style and function during the winter months. Whether you prefer a traditional or contemporary stitched look, this fabric gives you warmth without compromising on elegance.\r\nAbout Khyber Wear\r\nKhyber Wear, known as the House of Kadhar, delivers high-quality winterwear for men rooted in tradition and designed for today’s fashion. We believe comfort and class go hand in hand.\r\nOrder your Charsadda Handmade Gray Classic Khaddar now and enjoy exceptional winter comfort in a classic gray shade!','SIZE: Length: 8 Meters\r\nCOLLECTIONS: Winter collection\r\nFABRIC: Classic khaddi winter\r\nPRODUCT TYPE: Un-Stitched\r\nPRODUCT QUALITY: 5 Star Quality\r\nFABRIC NATURE: Warm winter fabrics\r\nThis fabric is soft Woolen Khaddar.\r\nThe color and finish are guaranteed.\r\nAll Over Pakistan Free Home Delivery\r\nThis fabric is made from 100% Woolen','Dry clean only for best results.\r\nAvoid machine washing or tumble drying.\r\nDo not bleach.',3899,'/uploads/1764061920523-Grey2.webp','cmieixoc9001npm01nin5jz4x',1,'2025-11-25 09:12:00.575','2025-11-25 12:03:50.363',1,'charsadda-handmade-gray-classic-khaddar'),('cmied2e3t0014pm01gixv4mm7','Charsadda Handmade Light Brown Classic Khaddar','Charsadda Handmade Light Brown Classic Khaddar – Tradition Woven in Warmth and Elegance\r\nExperience the timeless craftsmanship of Charsadda with this light brown handmade Khaddar — a heritage fabric designed for winter comfort and modern style.\r\nAuthentic Craftsmanship. Lasting Comfort.\r\nExperience Khyber Wear’s Charsadda Handmade Light Brown Classic Khaddar, a fabric born from the cultural heart of Charsadda, Pakistan, where weaving is an art passed down through generations.\r\nHandwoven using 100% pure wool and Khaddi techniques, this premium material offers a perfect balance of softness, strength, and natural insulation, making it ideal for men’s unstitched winter wear.\r\nWhy It’s the Smart Choice for Winter\r\nPure Wool Warmth: Naturally breathable yet insulating — keeps you warm during cold, breezy winters.\r\nClassic Light Brown Hue: A neutral tone that complements every skin shade and fits both formal and casual tailoring.\r\nDurable Weave Texture: Tightly woven Khaddar ensures long-lasting wear, preserving shape and color even after stitching.\r\nPerfect Dimensions: With 7 meters of fabric length, it’s ready for custom-made shalwar kameez, waistcoats, or winter suits.\r\nDesigned for the Modern Gentleman\r\nThis Charsadda Khaddar fabric bridges traditional weaving with contemporary tailoring needs. Lightweight yet sturdy, it adapts to your style — from a heritage-inspired outfit to a refined, minimal winter look.\r\nThe Khaddi Classic texture highlights the natural grains of the wool, adding a subtle richness that only handmade textiles can achieve.\r\nService Highlights\r\nFree Nationwide Delivery: Get your Khaddar shipped anywhere in Pakistan — free of charge within 2–3 days.\r\nCash on Delivery & Easy Returns: Shop confidently with secure COD and hassle-free exchanges.\r\nFlexible Quantity Requests: Need bulk fabric? Simply mention your preferred yardage — we’ll make it happen.\r\nThe Legacy Behind Khyber Wear\r\nAt Khyber Wear, we preserve Pakistan’s handloom heritage through fabrics that embody authenticity, warmth, and elegance.\r\nFrom Charsadda Khaddar to Kaptaan Chappals, every product represents the fusion of artisanal tradition and modern comfort — redefining men’s winter fashion with honesty and craftsmanship.\r\nMake This Winter Timeless\r\nStep into the season with Charsadda Handmade Light Brown Classic Khaddar — the fabric that blends warmth, tradition, and style effortlessly.\r\nOrder now from Khyber Wear and experience the true essence of Pakistani craftsmanship — naturally soft, genuinely handmade, and beautifully durable.','SIZE: Length: 8 Meters\r\nCOLLECTIONS: Winter collection\r\nFABRIC: Classic khaddi winter\r\nPRODUCT TYPE: Un-Stitched\r\nPRODUCT QUALITY: 5 Star Quality\r\nFABRIC NATURE: Warm winter fabrics\r\nThis fabric is soft Woolen Khaddar.\r\nThe color and finish are guaranteed.\r\nAll Over Pakistan Free Home Delivery\r\nThis fabric is made from 100% Woolen','Dry clean only for best results.\r\nAvoid machine washing or tumble drying.\r\nDo not bleach.',3899,'/uploads/1764062165212-brown2.webp','cmieixoc9001npm01nin5jz4x',1,'2025-11-25 09:16:05.226','2025-11-25 12:02:58.327',1,'charsadda-handmade-light-brown-classic-khaddar'),('cmied8dbx0018pm01xc15fhlk','Charsadda Handmade Light Camel Classic Khaddar','Charsadda Handmade Light Camel Classic Khaddar – Premium Warmth, Heritage & Style for Men\r\nExperience the timeless blend of Pakistani craftsmanship and modern comfort with Khyber Wear’s Charsadda Handmade Light Camel Classic Khaddar.\r\nWoven from 100% pure wool and crafted with care in the traditional Charsadda Khaddi style, this premium winter fabric combines softness, strength, and warmth, making it an essential choice for men’s unstitched winter suits.\r\nWhy It’s a Winter Essential\r\n1. Soft, Warm & Breathable\r\nMade from pure wool fibers, the Light Camel Khaddar offers natural insulation that traps warmth without feeling heavy. Its smooth texture ensures comfort against the skin, ideal for cold-weather fashion.\r\n2. Durable Yet Lightweight\r\nEach yard is tightly woven on traditional looms, giving the Khaddar fabric a long-lasting structure while staying light and breathable — perfect for both formal winter suits and casual wear.\r\n3. Elegant Light Camel Tone\r\nThe light camel color exudes sophistication — a neutral, earthy tone that complements every men’s winter wardrobe. It’s the perfect shade for those who appreciate classic style and minimalist elegance.\r\n4. Tailor Your Own Fit\r\nWith a length of 7 meters and width of 1 yard, this unstitched fabric lets you design your own Khaddar suit — ideal for shalwar kameez, kameez trousers, or custom winter wear.\r\nWhy Choose Khyber Wear\r\nKnown as the House of Khaddar, Khyber Wear celebrates traditional Charsadda weaving techniques combined with modern tailoring needs.\r\nWe take pride in delivering premium handmade fabrics that reflect heritage, authenticity, and quality craftsmanship.\r\nFree Delivery in Pakistan — Delivered nationwide within 2–3 business days\r\nEasy Returns & Exchanges — Hassle-free replacements or refunds\r\nBulk & Custom Orders — Available for personalized fabric quantities\r\nPerfect for Every Occasion\r\nWhether you’re preparing for a formal winter gathering, Friday prayers, or simply upgrading your casual winter attire, the Charsadda Handmade Light Camel Classic Khaddar provides comfort, durability, and timeless charm.\r\nOrder yours today and embrace Khyber Wear signature craftsmanship — where tradition meets contemporary men’s fashion.','SIZE: Length: 8 Meters\r\nCOLLECTIONS: Winter collection\r\nFABRIC: Classic khaddi winter\r\nPRODUCT TYPE: Un-Stitched\r\nPRODUCT QUALITY: 5 Star Quality\r\nFABRIC NATURE: Warm winter fabrics\r\nThis fabric is soft Woolen Khaddar.\r\nThe color and finish are guaranteed.\r\nAll Over Pakistan Free Home Delivery\r\nThis fabric is made from 100% Woolen','Dry clean only for best results.\r\nAvoid machine washing or tumble drying.\r\nDo not bleach.',3899,'/uploads/1764062444145-469740497_935034225229832_4446554819621418018_n.webp','cmieixoc9001npm01nin5jz4x',1,'2025-11-25 09:20:44.158','2025-11-25 12:02:00.208',1,'charsadda-handmade-light-camel-classic-khaddar'),('cmiedk0ub001cpm012yi7bs0w','Charsadda Handmade Green Classic Khaddar','Charsadda Handmade Green Classic Khaddar – Your Winter Style Essential\r\nWrap yourself in comfort and tradition with Khyber Wear’s Charsadda Handmade Green Classic Khaddar. Crafted for chilly days, this cozy and durable Kadhar fabric is part of our trusted Classic Khaddi Winter Collection. Designed to keep you warm and looking sharp, it’s an ideal pick for men’s winter outfits.\r\nWhy This Fabric Stands Out\r\nWarmth Meets Comfort: Made from 100% pure wool, the fabric offers a soft feel while keeping you insulated from the cold.\r\nDurable Yet Lightweight: The tight weave ensures long-lasting wear without adding bulk, making it practical for everyday use.\r\nTailor-Made Fit: Measuring 7 meters in length and 1 yard in width, this unstitched men’s fabric is easy to customize into your preferred design or traditional suit.\r\nOur Service Promise\r\nFree Delivery in Pakistan: Enjoy fast, free shipping across Pakistan with convenient Cash on Delivery options.\r\nHassle-Free Returns: Not satisfied? We offer free exchanges and returns for a risk-free shopping experience.\r\nNeed More Fabric?: Just let us know when ordering—we’ll adjust your quantity and pricing accordingly.\r\nIdeal for Winter\r\nThe Charsadda Handmade Green Classic Khaddar is built to keep you warm while elevating your style. Whether you\'re heading to a formal event or staying casual, this fabric adapts to your winter wardrobe with ease.\r\nAbout Khyber Wear\r\nKhyber Wear, the House of Kadhar, delivers premium winter menswear that combines cultural heritage with lasting comfort.\r\nOrder your Charsadda Handmade Green Classic Khaddar today and upgrade your winter wear!','SIZE: Length: 8 Meters\r\nCOLLECTIONS: Winter collection\r\nFABRIC: Classic khaddi winter\r\nPRODUCT TYPE: Un-Stitched\r\nPRODUCT QUALITY: 5 Star Quality\r\nFABRIC NATURE: Warm winter fabrics\r\nThis fabric is soft Woolen Khaddar.\r\nThe color and finish are guaranteed.\r\nAll Over Pakistan Free Home Delivery\r\nThis fabric is made from 100% Woolen','Dry clean only for best results.\r\nAvoid machine washing or tumble drying.\r\nDo not bleach.',3899,'/uploads/1764062987828-469981986_870300805178137_5149185440474464189_n.webp','cmieixoc9001npm01nin5jz4x',1,'2025-11-25 09:29:47.843','2025-11-25 12:01:40.754',1,'charsadda-handmade-green-classic-khaddar'),('cmieduhxf001gpm01hra4975n','Charsadda Handmade White Classic Khaddar','Charsadda Handmade White Classic Khaddar – Elegant Warmth for Cold Days\r\nStay warm and effortlessly stylish this winter with Khyber Wear’s Charsadda Handmade White Classic Khaddar. Crafted for comfort and durability, this premium Kadhar fabric belongs to our trusted Classic Khaddi Winter Collection, offering both tradition and utility for men’s winter fashion.\r\nWhy You’ll Love This Fabric\r\nSoft Yet Insulating: Made from 100% pure wool, the fabric offers a gentle touch on the skin while locking in warmth during colder days.\r\nStrong and Lightweight: Its dense weave provides durability without feeling heavy, making it ideal for everyday wear.\r\nTailor-Friendly: With a generous 7-meter length and 1-yard width, this unstitched men’s fabric is perfect for crafting personalized Kadhar suits or winter outfits.\r\nWhat We Offer\r\nFree Delivery Across Pakistan: Enjoy fast and free shipping with Cash on Delivery available nationwide.\r\nEasy Returns & Exchanges: Not satisfied? Return or exchange your order hassle-free.\r\nNeed More Fabric?: Simply let us know at checkout, and we’ll adjust your quantity and pricing accordingly.\r\nMade for Winter\r\nThe Charsadda Handmade White Classic Khaddar is tailored for the cold season, combining clean, classic looks with practical warmth. Whether for formal tailoring or relaxed winter wear, this fabric suits every style.\r\nAbout Khyber Wear\r\nKhyber Wear, known as the House of Kadhar, delivers premium winter fabrics rooted in tradition, style, and comfort.\r\nOrder your Charsadda Handmade White Classic Khaddar today and experience top-tier fabric for winter.','SIZE: Length: 8 Meters\r\nCOLLECTIONS: Winter collection\r\nFABRIC: Classic khaddi winter\r\nPRODUCT TYPE: Un-Stitched\r\nPRODUCT QUALITY: 5 Star Quality\r\nFABRIC NATURE: Warm winter fabrics\r\nThis fabric is soft Woolen Khaddar.\r\nThe color and finish are guaranteed.\r\nAll Over Pakistan Free Home Delivery\r\nThis fabric is made from 100% Woolen','If hand washing, use cold water and mild detergent.\r\nGently squeeze out excess water — do not wring or twist.\r\nLay flat on a clean towel to air dry in shade.',3899,'/uploads/1764063476529-white2.webp','cmieixoc9001npm01nin5jz4x',1,'2025-11-25 09:37:56.547','2025-11-25 12:01:16.861',1,'charsadda-handmade-white-classic-khaddar'),('cmifngj9d0003pm01ml4n31t3','72 Wool Men Blue Shawl – Premium Handwoven Comfort and Style','72 Wool Men Blue Shawl – Premium Handwoven Comfort and Style\r\nThe 72 Wool Men Blue Shawl is the ultimate combination of luxury, warmth, and timeless elegance. Crafted for the modern gentleman, this shawl offers unmatched comfort while reflecting traditional craftsmanship. Whether you\'re dressing for a formal event, casual outing, or cultural celebration, this shawl is designed to elevate your style. Made with high-quality 72-count wool, it promises durability, softness, and a refined texture that feels gentle against the skin.\r\nPremium Quality 72 Wool Men Blue Shawl for Maximum Warmth\r\n\r\nOur 72 Wool Men Blue Shawl is woven from premium-grade wool, offering exceptional warmth without the weight. The fine 72-count yarn ensures a soft, smooth texture that drapes elegantly over the shoulders. Unlike synthetic alternatives, this shawl is breathable and temperature-regulating, keeping you comfortable in cold winters and cool evenings. The rich blue color exudes sophistication, making it a versatile addition to any wardrobe.\r\nHandwoven Craftsmanship in 72 Wool Men Blue Shawl\r\nEvery 72 Wool Men Blue Shawl is meticulously handwoven by skilled artisans who have preserved centuries-old weaving techniques. The craftsmanship ensures uniform quality, precise detailing, and long-lasting durability. Owning this shawl is not only a statement of style but also a support for traditional artisan communities, reflecting cultural heritage and timeless artistry.\r\nElegant Design of the 72 Wool Men Blue Shawl\r\nThe shawl features a classic, single or triple border design that adds subtle sophistication. Its elegant borders frame the shawl beautifully, making it suitable for both traditional attire like kurtas and sherwanis, as well as modern clothing such as blazers and coats. Perfect for weddings, festive occasions, or casual gatherings, this blue wool shawl seamlessly combines style and functionality.\r\nLuxurious Texture and Comfort\r\nThe 72 Wool Men Blue Shawl is soft, lightweight, and incredibly comfortable. The fine wool weave allows the shawl to drape naturally, providing warmth without bulk. Its luxurious texture makes it ideal for extended wear, whether attending a formal event, traveling, or relaxing at home. The smooth finish enhances both visual appeal and tactile comfort, ensuring a premium wearing experience.\r\nVersatility and Styling\r\nThis shawl is versatile enough to pair with a wide range of outfits. The deep blue color complements traditional and modern attire, allowing you to wear it with kurtas, sherwanis, or formal coats. Its timeless style ensures it remains a staple accessory in your wardrobe for years. The 72 Wool Men Blue Shawl is perfect for day or evening use, making it a go-to option for both formal and casual occasions.\r\n\r\nPerfect Gift for Every Occasion\r\nThe 72 Wool Men Blue Shawl makes an ideal gift for birthdays, anniversaries, weddings, or festive events. Elegantly packaged to retain its softness and texture, it is a thoughtful and luxurious present that reflects refinement and cultural appreciation. This shawl is not just an accessory—it is a symbol of elegance, heritage, and style.\r\nCare Instructions for 72 Wool Men Blue Shawl\r\nTo maintain the quality and softness of your 72 Wool Men Blue Shawl, dry cleaning is recommended. Gentle hand washing with cold water and mild detergent is also acceptable. Avoid wringing or exposing it to direct sunlight for long periods. Proper storage in a breathable bag will preserve its texture, shape, and overall quality, ensuring it remains a wardrobe staple for years.\r\n\r\nHeritage and Authenticity\r\n\r\nOwning a 72 Wool Men Blue Shawl is a testament to traditional craftsmanship and timeless style. Each shawl reflects the dedication and skill of handloom artisans, preserving centuries-old weaving techniques. By choosing this shawl, you embrace a luxurious accessory that blends heritage with contemporary fashion.\r\nConclusion\r\nThe 72 Wool Men Blue Shawl is more than just a piece of clothing—it is a statement of elegance, warmth, and tradition. From its premium 72-count wool to its handwoven craftsmanship and sophisticated design, this shawl delivers luxury and style in every thread. Perfect for any occasion, it is a must-have accessory for the discerning gentleman who values quality, comfort, and timeless elegance.','Material: 100% Premium Wool\r\nCraft: Handwoven with classic bordered design\r\nTexture: Soft, lightweight, and warm\r\nStyle: Sophisticated traditional and modern men’s wear\r\nFinish: Smooth edges with intricate handwoven detailing\r\nNote: The 72 Wool Men Blue Shawl may appear slightly different in color due to lighting and camera settings.','Dry clean only is recommended for best results.\r\nAvoid machine washing, bleaching, or tumble drying.\r\nIf hand washing, use cold water with mild detergent and do not wring.',7500,'/uploads/1764140087383-7f6e356e-7ec0-4d56-8037-62d4c05b1891.webp','cmhfvlpem0008s10kjml5l9m2',1,'2025-11-26 06:54:47.425','2025-11-26 06:54:47.425',1,'72-wool-men-blue-shawl-premium-handwoven-comfort-and-style'),('cmifnlp4p0007pm01upxi1dm4','Winter Customized Men Shawl - Customise Men Shawl','Winter Customized Men Shawl – Customise Men Shawl\r\nWinter is the perfect time to combine comfort, style, and individuality, and our Winter Customized Men’s Shawl offers exactly that. Designed for men who appreciate warmth without compromising on elegance, this shawl is a premium winter accessory that can be tailored to your personal preferences. Whether for daily wear, formal occasions, or gifting, this shawl ensures you step out in style while staying cozy.\r\nPremium Quality Materials\r\nOur customized men’s shawl is crafted from high-quality wool or other selected fabrics, ensuring softness, warmth, and durability. Each shawl is designed to provide lightweight insulation — keeping you warm without feeling heavy or bulky. The natural fibers make it breathable and comfortable, ideal for long winter days, office wear, evening gatherings, or casual outings.\r\nThe fabric selection is part of the customization process, allowing you to choose the material that best suits your comfort and climate needs. From pure wool to blended fabrics, every shawl is designed to retain its shape, softness, and luxurious feel even after repeated use.\r\nHandcrafted for Precision\r\nEach shawl is handcrafted by skilled artisans, combining traditional weaving techniques with modern design aesthetics. The result is a timeless piece that balances classic elegance with contemporary style. Every detail — from the finishing of edges to the border designs — is carefully executed to ensure a flawless look and superior quality.\r\nThe customization process allows you to choose border styles, thread patterns, and stitching details, creating a shawl that reflects your personal taste. The shawl’s design is versatile enough to complement a wide range of clothing — from formal suits to casual winter jackets — making it a staple in any man’s wardrobe.\r\nPersonalization for a Unique Touch\r\nWhat sets this shawl apart is the ability to personalize it. You can select your preferred color, size, and border design, creating a piece that is uniquely yours. Want a bold color for casual outings or a subtle, classic tone for formal occasions? Our customization options let you craft a shawl that fits your lifestyle and personality.\r\nThe shawl can also be personalized as a thoughtful gift. Whether for a father, brother, friend, or colleague, a customized shawl shows care, thoughtfulness, and a sense of style. It’s a practical yet luxurious winter accessory that will be appreciated for years to come.\r\nComfortable and Stylish\r\nThe texture of the shawl is soft, smooth, and gentle against the skin, making it a pleasure to wear throughout the day. Its lightweight yet insulating design allows for easy draping or wrapping, giving you the freedom to style it according to your needs.\r\nWhether you’re commuting to work, attending an outdoor gathering, or simply enjoying a cozy winter evening, this shawl provides both warmth and sophistication. Its design ensures that you remain stylish without sacrificing comfort.\r\nPerfect for Every Occasion\r\nThe Winter Customized Men Shawl is versatile and practical. Its classic and customizable design makes it suitable for a wide range of occasions:\r\nFormal office events and business meetings\r\nEvening outings and casual gatherings\r\nTravel and outdoor winter activities\r\nThoughtful gifting for birthdays, anniversaries, or festive occasions\r\nCare Instructions\r\nTo ensure longevity and maintain its premium look:\r\nDry clean only is recommended for best results.\r\nAvoid machine washing, bleaching, or tumble drying.\r\nIf hand washing, use cold water with mild detergent and do not wring.\r\nLay flat to air dry in the shade.\r\nStore folded in a cool, dry place, and protect against moths with cedar blocks or lavender sachets.\r\nFinal Thoughts\r\nOur Winter Customized Men Shawl is more than just a winter accessory; it’s a statement of personal style, luxury, and practicality. Combining the softness of premium materials, the craftsmanship of handweaving, and the uniqueness of customization, this shawl is an essential addition to any modern man’s winter wardrobe.\r\nWhether you want a piece that stands out with bold colors, a classic look for everyday elegance, or a thoughtful gift that reflects care and sophistication, this shawl meets every need. Invest in a shawl that keeps you warm, stylish, and truly unique this winter.','SIZE: Length: 8 Meters\r\nCOLLECTIONS: Winter collection\r\nFABRIC: Classic khaddi winter\r\nPRODUCT TYPE: Un-Stitched|\r\nPRODUCT QUALITY: 5 Star Quality\r\nFABRIC NATURE: Warm winter fabrics This fabric is soft Woolen Khaddar. The color and finish are guaranteed. All Over Pakistan Free Home Delivery This fabric is made from 100% Woolen\r\nCustomized Men Shawl','Dry clean only is recommended for best results.\r\nAvoid machine washing, bleaching, or tumble drying.\r\nIf hand washing, use cold water with mild detergent and do not wring.',3799.98,'/uploads/1764140328224-images.webp','cmhfvlpem0008s10kjml5l9m2',1,'2025-11-26 06:58:48.314','2025-11-26 06:58:48.314',1,'winter-customized-men-shawl-customise-men-shawl'),('cmifnwauk000bpm013p7arl61','72 Wool Men Black Shawl – Premium Handwoven Comfort and Style','72 Wool Men Black Shawl – Premium Handwoven Comfort and Style\r\nThe 72 Wool Men Black Shawl is the ultimate combination of luxury, warmth, and timeless elegance. Crafted for the modern gentleman, this shawl offers unmatched comfort while reflecting traditional craftsmanship. Whether you\'re dressing for a formal event, casual outing, or cultural celebration, this shawl is designed to elevate your style. Made with high-quality 72-count wool, it promises durability, softness, and a refined texture that feels gentle against the skin.\r\n Premium Quality 72 Wool Men Black Shawl for Maximum Warmth\r\nOur 72 Wool Men Black Shawl is woven from premium-grade wool, offering exceptional warmth without the weight. The fine 72-count yarn ensures a soft, smooth texture that drapes elegantly over the shoulders. Unlike synthetic alternatives, this shawl is breathable and temperature-regulating, keeping you comfortable in cold winters and cool evenings. The deep black color exudes sophistication, making it a versatile addition to any wardrobe.\r\nHandwoven Craftsmanship in 72 Wool Men Black Shawl\r\nEvery 72 Wool Men Black Shawl is meticulously handwoven by skilled artisans who have preserved centuries-old weaving techniques. The craftsmanship ensures uniform quality, precise detailing, and long-lasting durability. Owning this shawl is not only a statement of style but also a support for traditional artisan communities, reflecting cultural heritage and timeless artistry.\r\nElegant Design of the 72 Wool Men Black Shawl\r\nThe shawl features a classic, single or triple border design that adds subtle sophistication. Its elegant borders frame the shawl beautifully, making it suitable for both traditional attire like kurtas and sherwanis, as well as modern clothing such as blazers and coats. Perfect for weddings, festive occasions, or casual gatherings, this black wool shawl seamlessly combines style and functionality.\r\nLuxurious Texture and Comfort\r\nThe 72 Wool Men Black Shawl is soft, lightweight, and incredibly comfortable. The fine wool weave allows the shawl to drape naturally, providing warmth without bulk. Its luxurious texture makes it ideal for extended wear, whether attending a formal event, traveling, or relaxing at home. The smooth finish enhances both visual appeal and tactile comfort, ensuring a premium wearing experience.\r\nVersatility and Styling\r\nThis shawl is versatile enough to pair with a wide range of outfits. The deep black color complements traditional and modern attire, allowing you to wear it with kurtas, sherwanis, or formal coats. Its timeless style ensures it remains a staple accessory in your wardrobe for years. The 72 Wool Men Black Shawl is perfect for day or evening use, making it a go-to option for both formal and casual occasions. Perfect Gift for Every Occasion\r\nThe 72 Wool Men Black Shawl makes an ideal gift for birthdays, anniversaries, weddings, or festive events. Elegantly packaged to retain its softness and texture, it is a thoughtful and luxurious present that reflects refinement and cultural appreciation. This shawl is not just an accessory—it is a symbol of elegance, heritage, and style.\r\nCare Instructions for 72 Wool Men Black Shawl\r\nTo maintain the quality and softness of your 72 Wool Men Black Shawl, dry cleaning is recommended. Gentle hand washing with cold water and mild detergent is also acceptable. Avoid wringing or exposing it to direct sunlight for long periods. Proper storage in a breathable bag will preserve its texture, shape, and overall quality, ensuring it remains a wardrobe staple for years.\r\nHeritage and Authenticity\r\nOwning a 72 Wool Men Black Shawl is a testament to traditional craftsmanship and timeless style. Each shawl reflects the dedication and skill of handloom artisans, preserving centuries-old weaving techniques. By choosing this shawl, you embrace a luxurious accessory that blends heritage with contemporary fashion.\r\nConclusion\r\nThe 72 Wool Men Black Shawl is more than just a piece of clothing—it is a statement of elegance, warmth, and tradition. From its premium 72-count wool to its handwoven craftsmanship and sophisticated design, this shawl delivers luxury and style in every thread. Perfect for any occasion, it is a must-have accessory for the discerning gentleman who values quality, comfort, and timeless elegance.','Material: 100% Premium Wool \r\nCraft: Handwoven with classic bordered design\r\nTexture: Soft, lightweight, and warm\r\nStyle: Sophisticated traditional and modern men’s wear\r\nFinish: Smooth edges with intricate handwoven detailing\r\nNote:72 Wool Men Black Shawl Image color can be slightly change because of camera and lightings','Dry clean only is recommended for best results.\r\nAvoid machine washing, bleaching, or tumble drying.\r\nIf hand washing, use cold water with mild detergent and do not wring.',7500,'/uploads/1764140822992-f3dbcd5b-89dd-4fc2-8bd1-be2539483d3e.webp','cmhfvlpem0008s10kjml5l9m2',1,'2025-11-26 07:07:03.021','2025-11-26 07:07:03.021',1,'72-wool-men-black-shawl-premium-handwoven-comfort-and-style'),('cmifoele7000fpm01ld23u0no','Pashmina Jalalpuri Men Shawl - Single Border','Pashmina Jalalpuri Men Shawl – Single Border: Timeless Tradition and Luxury\r\nThe Pashmina Jalalpuri Men Shawl – Single Border is a luxurious accessory that combines traditional craftsmanship, premium material quality, and timeless style. Designed for the modern gentleman who values sophistication, this shawl is more than just clothing—it is a statement of elegance, refinement, and cultural heritage. Each shawl is handwoven by skilled artisans from the Jalalpur region, preserving centuries-old weaving techniques that make every piece unique.\r\nPashmina Jalalpuri Men Shawl Made from 100% Pure Wool\r\nCrafted from 100% pure Pashmina wool, the Pashmina Jalalpuri Men Shawl offers unmatched softness, warmth, and durability. The fine 48-count yarn ensures a smooth, luxurious texture that feels gentle against the skin. Lightweight yet insulating, this shawl is perfect for formal occasions, casual gatherings, or festive events. Unlike synthetic fabrics, Pashmina is naturally breathable and temperature-regulating, keeping you comfortable during both cold and mildly cool weather.\r\nHandwoven Jalalpuri Craftsmanship in Pashmina Jalalpuri Men Shawl\r\nEvery Pashmina Jalalpuri Men Shawl is handwoven using traditional Jalalpuri weaving techniques. The single-border design is a signature of the region, offering a subtle yet sophisticated aesthetic. The weaving process is meticulous and time-consuming, ensuring consistency, precision, and durability. Choosing a handwoven Pashmina shawl means embracing both luxury and supporting the preservation of traditional craftsmanship.\r\nElegant Single-Border Design of Pashmina Jalalpuri Men Shawl\r\nThe single-border motif gives this shawl understated elegance, framing it beautifully. This design is versatile, pairing seamlessly with traditional Indian attire like kurtas and sherwanis, as well as modern blazers and formal coats. Ideal for weddings, festive events, and casual occasions, the Pashmina Jalalpuri Men Shawl remains a stylish accessory that complements any outfit.\r\nLuxurious Texture and Comfort of Pashmina Jalalpuri Men Shawl\r\nSoft, smooth, and lightweight, the Pashmina Jalalpuri Men Shawl drapes elegantly over the shoulders, providing warmth without bulk. Its fine weave allows the fabric to move naturally, while the handwoven detailing enhances both its visual appeal and tactile comfort. This shawl is perfect for extended wear during formal gatherings, evening events, or travel in cooler climates.\r\nVersatility and Styling of Pashmina Jalalpuri Men Shawl\r\nThe Pashmina Jalalpuri Men Shawl – Single Border is a versatile wardrobe essential. Its neutral elegance complements a variety of fabrics and colors, whether you’re wearing traditional ethnic attire or contemporary formal clothing. Suitable for weddings, festive celebrations, or casual outings, this shawl adds a touch of sophistication and refinement, making it a go-to accessory for any season.\r\nCare and Longevity of Pashmina Jalalpuri Men Shawl\r\nTo maintain the beauty and softness of your Pashmina Jalalpuri Men Shawl, dry cleaning is recommended. Gentle hand washing with cold water and mild detergent is also acceptable. Avoid wringing, twisting, or exposing it to direct sunlight for extended periods. Proper storage in a breathable cloth bag ensures your shawl retains its texture, shape, and quality for years.\r\nHeritage and Authenticity of Pashmina Jalalpuri Men Shawl\r\nOwning a Pashmina Jalalpuri Men Shawl is like owning a piece of history. Jalalpur has been a center of handwoven textiles for generations, and each shawl embodies the rich cultural legacy of the region. By choosing this handwoven shawl, you embrace both heritage and contemporary elegance in a single luxurious accessory.\r\nConclusion: Why Choose Pashmina Jalalpuri Men Shawl\r\nThe Pashmina Jalalpuri Men Shawl – Single Border combines luxury, tradition, and timeless style. From its 100% pure Pashmina wool to its handwoven single-border design, every detail reflects refinement and quality. Soft, elegant, and versatile, this shawl is perfect for formal events, festive celebrations, and casual wear, making it an essential accessory for the modern gentleman.','Pashmina Jalalpuri Men Shawl\r\nMaterial: 100% Pure Pashmina Wool (48-count fine yarn)\r\nCraft: Handwoven with classic Jalalpuri bordered design\r\nTexture: Luxuriously soft, lightweight, and warm\r\nStyle: Sophisticated traditional & modern men’s wear\r\nFinish: Smooth edges with intricate handwoven detailing\r\nOutdoor View: The Pashmina Jalalpuri Men Shawl in natural light shows its true colors and vibrant texture.\r\nIndoor View:Indoors, the shawl appears slightly warmer, highlighting its soft texture and elegant drape.','Dry clean only is recommended for best results.\r\nAvoid machine washing, bleaching, or tumble drying.\r\nIf hand washing, use cold water with mild detergent and do not wring.',35000,'/uploads/1764141676414-IMG_0247-1-scaled.jpg','cmhfvlpem0008s10kjml5l9m2',1,'2025-11-26 07:21:16.493','2025-11-26 07:21:16.493',1,'pashmina-jalalpuri-men-shawl-single-border'),('cmifooep9000jpm01na98v7kb','Luxury Black Embroidered Pashmina Shawl | Handmade Kashmiri Kani/Jaal Work','Wrap yourself in the timeless artistry of our Luxury Black Embroidered Pashmina Shawl. This exquisite wrap features intricate, colorful embroidery, often referred to as Kashmiri Kani or Jaal work, that beautifully contrasts the deep black base.\r\nCrafted from a fine, soft Pashmina blend (or premium fine wool), this shawl offers lightweight warmth and a stunning drape, making it perfect for elegant evening wear, weddings, or adding a touch of sophisticated culture to your everyday look. The detailed design typically includes classic Paisley (Buta) motifs woven into an elaborate all-over pattern, culminating in stunning decorated corners. Finished with delicate fringed edges.','Material: Premium Pashmina Blend (or Fine Wool) for ultimate softness and warmth.\r\nColor: Classic Deep Black base.\r\nDesign: Rich, vibrant, multi-colored Handmade Embroidery (Jaal/Kani work).\r\nMotifs: Traditional Paisley and trailing vine patterns.\r\nVersatility: Ideal as an Evening Wrap, wedding shawl, or elegant gift.\r\nStyle: An authentic piece of Kashmiri craftsmanship for women.','Dry clean only is recommended for best results.\r\nAvoid machine washing, bleaching, or tumble drying.\r\nIf hand washing, use cold water with mild detergent and do not wring.',5499,'/uploads/1764142134364-lady-shawl-pashmina.jpg','cmhgjsomn0000ph0197m3g3ux',1,'2025-11-26 07:28:54.382','2025-11-26 07:28:54.382',1,'luxury-black-embroidered-pashmina-shawl-handmade-kashmiri-kani-jaal-work'),('cmifozv2l000npm01u6vmq29w','7 Flowers Ladies Winter Shawl','7 Flowers Ladies Winter Shawl — Khyber Wear’s Signature Winter Elegance\r\nWrap yourself in unparalleled warmth and artisanal sophistication with the Khyber Wear 7 Flowers Ladies Winter Shawl, a masterpiece of Pakistani craftsmanship.\r\nEach shawl is hand-embroidered by Charsadda artisans, honoring the centuries-old tradition of Peshawar wool weaving, now refined for the modern woman.\r\nMade from premium woolen fabric with high-density floral embroidery, the piece delivers luxury warmth, breathable comfort, and timeless grace—a perfect companion for crisp winter evenings or refined social gatherings.\r\nDesign & Artistry — The 7 Flowers Motif\r\nThe hallmark of this shawl is its seven hand-stitched floral patterns, symbolizing femininity, prosperity, and beauty in Pakistani culture.\r\nEvery bloom is meticulously detailed with colored thread, forming a harmonious floral jaal that merges traditional motifs with a modern minimalist layout.\r\nThe four-corner embroidered finishing and soft hand-loomed texture ensure that every fold reflects luxury and authenticity.\r\nFabric & Comfort — Crafted for Cold Days\r\nMaterial: 100 % Wool / Pashmina Blend\r\nTexture: Soft, breathable, yet insulating against winter chills\r\nFeel: Lightweight drape with superior thermal comfort\r\nDurability: Hand-finished edges to maintain shape and weave integrity\r\nWhether styled as a wrap, scarf, or stole, the shawl adapts effortlessly to formal wear or casual layering—versatile, cozy, and always refined.\r\nStyling Perspective — From Heritage to High Fashion\r\nPair this floral woolen shawl with a velvet kurta, formal coat, or denim ensemble for instant elevation.\r\nIts neutral cream-grey palette and contrasting floral embroidery complement both daytime elegance and evening luxury.\r\nPerfect for:\r\nFormal gatherings & festive occasions\r\nWinter weddings & cultural events\r\nEveryday wear with a touch of sophistication\r\nThoughtful gifting for women who value heritage artistry\r\nCraftsmanship & Brand Heritage\r\nThe Khyber Wear brand represents authentic Charsadda craftsmanship. Each shawl passes through a multi-stage artisan process—hand-looming, embroidery, finishing, and inspection—to meet global standards of comfort and durability.\r\nBy purchasing this piece, you support sustainable textile heritage and the livelihood of skilled Pakistani artisans.\r\nWhy Women Love It\r\nPremium wool warmth for cold seasons\r\nCultural floral embroidery with modern appeal\r\nSoft, breathable, non-irritant texture\r\nVersatile styling for every occasion\r\nAuthentic Khyber Wear signature quality','Product Specifications\r\nFeature	Details\r\nBrand	Khyber Wear\r\nProduct Name	7 Flowers Ladies Winter Shawl\r\nMaterial	Wool / Pashmina Blend\r\nDesign Pattern	Floral Embroidery (7 Flowers Motif)\r\nColor Options	Cream, Grey, Skin Tone, Brown\r\nDimensions	Approx. 100 × 200 cm\r\nPrice Range	₨ 5,199 – ₨ 6,999\r\nAvailability	In Stock\r\nSuitable For	Women (20 – 55 yrs)\r\nCategory	Women’s Winter Shawls / Luxury Accessories\r\nLuxury Value & Gift Appeal\r\nPresented in eco-friendly packaging, this shawl makes a memorable winter gift for loved ones.\r\nIts timeless design and authentic Pakistani heritage ensure it becomes a wardrobe heirloom, not just a seasonal trend.\r\nWhy Choose Khyber Wear 7 Flowers Winter Shawl\r\n“Best of Floral Shawls in Pakistan” segment leader\r\nTrusted by customers seeking authentic hand-embroidered winter wear\r\nRated ★★★★★ for warmth, texture, and design precision',NULL,5198.98,'/uploads/1764142668792-e-1-scaled.webp','cmhgjsomn0000ph0197m3g3ux',1,'2025-11-26 07:37:48.813','2025-11-26 07:37:48.813',1,'7-flowers-ladies-winter-shawl'),('cmij69pcb0002pm018p92a6st','96 - Aryy Machine Made Pure 100% Wool','Meet “96 – Aryy,” a beautifully crafted machine-made shawl woven from pure 100 percent wool. It offers a soft, warm feel that instantly adds comfort to your winter outfits. The texture is smooth, the drape is elegant, and the quality feels premium the moment you touch it. Whether you wear it daily or save it for special occasions, this shawl brings a refined, timeless look that suits every style.\r\n\r\nPerfect for cold evenings, formal gatherings, or casual layering, Aryy keeps you warm without feeling heavy. It’s a reliable winter essential for anyone who appreciates comfort and simplicity with a touch of class.','Material: 100 percent pure wool\r\n\r\nType: Machine made for consistency and durability\r\n\r\nFeel: Soft, warm, and comfortable on the skin\r\n\r\nTexture: Smooth weave with an elegant drape\r\n\r\nSize: Standard full-length shawl\r\n\r\nWeight: Light to medium weight for easy wear\r\n\r\nSeason: Ideal for winter and chilly evenings\r\n\r\nStyle: Suitable for both casual and formal wear\r\n\r\nGender: Unisex\r\n\r\nOrigin: Crafted with care for long-lasting use','To keep your Aryy wool shawl in great condition:\r\n\r\nHand wash gently in cold water\r\n\r\nUse mild wool-friendly detergent\r\n\r\nDo not wring or twist the fabric\r\n\r\nAir dry flat in shade\r\n\r\nAvoid direct sunlight while drying\r\n\r\nFor deep cleaning, use professional dry cleaning\r\n\r\nStore folded in a cool, dry place\r\n\r\nKeep away from moths by using natural repellents like cedar blocks',6500,'/uploads/1764353079536-4.jpg','cmhgjsomn0000ph0197m3g3ux',1,'2025-11-28 18:04:39.946','2025-11-28 18:20:18.741',1,'96-aryy-machine-made-pure-100-wool');
/*!40000 ALTER TABLE `products` ENABLE KEYS */;
UNLOCK TABLES;

--
-- Table structure for table `settings`
--

DROP TABLE IF EXISTS `settings`;
/*!40101 SET @saved_cs_client     = @@character_set_client */;
/*!50503 SET character_set_client = utf8mb4 */;
CREATE TABLE `settings` (
  `id` varchar(191) COLLATE utf8mb4_unicode_ci NOT NULL,
  `websiteName` varchar(191) COLLATE utf8mb4_unicode_ci DEFAULT NULL,
  `websiteLogoUrl` varchar(191) COLLATE utf8mb4_unicode_ci DEFAULT NULL,
  `websiteFaviconUrl` varchar(191) COLLATE utf8mb4_unicode_ci DEFAULT NULL,
  `contactPhone` varchar(191) COLLATE utf8mb4_unicode_ci DEFAULT NULL,
  `contactEmail` varchar(191) COLLATE utf8mb4_unicode_ci DEFAULT NULL,
  `contactAddress` varchar(191) COLLATE utf8mb4_unicode_ci DEFAULT NULL,
  `smtpHost` varchar(191) COLLATE utf8mb4_unicode_ci DEFAULT NULL,
  `smtpPort` int DEFAULT NULL,
  `smtpUser` varchar(191) COLLATE utf8mb4_unicode_ci DEFAULT NULL,
  `smtpPass` varchar(191) COLLATE utf8mb4_unicode_ci DEFAULT NULL,
  `stripePublicKey` varchar(191) COLLATE utf8mb4_unicode_ci DEFAULT NULL,
  `stripeSecretKey` varchar(191) COLLATE utf8mb4_unicode_ci DEFAULT NULL,
  `socialLinks` longtext COLLATE utf8mb4_unicode_ci,
  PRIMARY KEY (`id`)
) ENGINE=InnoDB DEFAULT CHARSET=utf8mb4 COLLATE=utf8mb4_unicode_ci;
/*!40101 SET character_set_client = @saved_cs_client */;

--
-- Dumping data for table `settings`
--

LOCK TABLES `settings` WRITE;
/*!40000 ALTER TABLE `settings` DISABLE KEYS */;
INSERT INTO `settings` VALUES ('cmhiwlmk00000oy01954r1kmq','Khyber Shawls | Shawls for Men & Women','','https://khybershawls.store/uploads/1762160790489-s3qd3-Icon-Khyber-Shawl-(1).png','+92 3018768666','info@khybershawls.store','Office#27, Durrani Market, Charsadda 24420',NULL,NULL,NULL,NULL,NULL,NULL,NULL);
/*!40000 ALTER TABLE `settings` ENABLE KEYS */;
UNLOCK TABLES;

--
-- Table structure for table `users`
--

DROP TABLE IF EXISTS `users`;
/*!40101 SET @saved_cs_client     = @@character_set_client */;
/*!50503 SET character_set_client = utf8mb4 */;
CREATE TABLE `users` (
  `id` varchar(191) COLLATE utf8mb4_unicode_ci NOT NULL,
  `email` varchar(191) COLLATE utf8mb4_unicode_ci NOT NULL,
  `name` varchar(191) COLLATE utf8mb4_unicode_ci DEFAULT NULL,
  `password` varchar(191) COLLATE utf8mb4_unicode_ci NOT NULL,
  `role` varchar(191) COLLATE utf8mb4_unicode_ci NOT NULL DEFAULT 'user',
  `createdAt` datetime(3) NOT NULL DEFAULT CURRENT_TIMESTAMP(3),
  `updatedAt` datetime(3) NOT NULL,
  PRIMARY KEY (`id`),
  UNIQUE KEY `users_email_key` (`email`)
) ENGINE=InnoDB DEFAULT CHARSET=utf8mb4 COLLATE=utf8mb4_unicode_ci;
/*!40101 SET character_set_client = @saved_cs_client */;

--
-- Dumping data for table `users`
--

LOCK TABLES `users` WRITE;
/*!40000 ALTER TABLE `users` DISABLE KEYS */;
INSERT INTO `users` VALUES ('cmhg2om480000nb014v38f5ao','atifjan2019@gmail.com','Atif Jan','$2b$12$w27ICjr84Dy/Mv.b2NFI7umN7idmCAqq6/gGkHPsi1cZ60rg/zHMC','ADMIN','2025-11-01 09:21:16.281','2025-11-01 09:21:16.281');
/*!40000 ALTER TABLE `users` ENABLE KEYS */;
UNLOCK TABLES;
/*!40103 SET TIME_ZONE=@OLD_TIME_ZONE */;

/*!40101 SET SQL_MODE=@OLD_SQL_MODE */;
/*!40014 SET FOREIGN_KEY_CHECKS=@OLD_FOREIGN_KEY_CHECKS */;
/*!40014 SET UNIQUE_CHECKS=@OLD_UNIQUE_CHECKS */;
/*!40101 SET CHARACTER_SET_CLIENT=@OLD_CHARACTER_SET_CLIENT */;
/*!40101 SET CHARACTER_SET_RESULTS=@OLD_CHARACTER_SET_RESULTS */;
/*!40101 SET COLLATION_CONNECTION=@OLD_COLLATION_CONNECTION */;
/*!40111 SET SQL_NOTES=@OLD_SQL_NOTES */;

-- Dump completed on 2025-12-21 17:26:55
